,FROM,TO,CRASH
0,1661200,1660820,0
1,1661678,1661705,0
2,1661704,1661705,0
3,1661723,1661697,0
4,1661705,1661723,0
5,1661705,1661739,0
6,1661754,1661704,0
7,1661754,1661746,0
8,1661704,1661767,0
9,1661723,1661768,0
10,1661769,1661768,0
11,1661767,1661769,0
12,1661794,1661754,0
13,1661794,1661795,0
14,1661805,1661746,0
15,1661834,1661794,0
16,1661767,1661834,0
17,1661836,1661774,0
18,1661867,1661836,0
19,1661868,1661867,0
20,1661825,1661869,0
21,1661869,1661868,0
22,1661880,1661869,0
23,10464,1661744,1
24,1661884,1661805,1
25,1661884,1661880,0
26,1661768,1661878,0
27,1661887,1661805,1
28,1661887,1661884,0
29,1661882,1661769,0
30,1661886,1661834,0
31,1661886,1661887,0
32,1661882,1661886,0
33,1661851,1661837,0
34,1661851,1661838,0
35,1661936,1661868,0
36,1661936,1661939,0
37,1661939,1661867,0
38,1661869,1661942,0
39,1661942,1661936,0
40,1661838,1661879,0
41,1661908,1661906,0
42,1661942,1661950,0
43,1661880,1661959,0
44,1661959,1661950,0
45,1661904,1661851,0
46,1661907,1661904,0
47,1661952,1661940,0
48,1661801,1661952,0
49,1661993,1661951,0
50,1661908,1661946,0
51,1661945,1661908,0
52,1662004,1661936,0
53,1661950,1662004,0
54,1661965,1661945,0
55,1662019,1661927,0
56,1661966,1661970,0
57,1661970,1661965,0
58,1662023,1662019,0
59,1661969,1661904,0
60,1662036,1661993,0
61,1661978,1661974,0
62,1661974,1661977,0
63,1661984,1661978,0
64,1661974,1661984,0
65,1661879,1661988,0
66,1661988,1661987,0
67,1662008,1661997,0
68,1661945,1662008,0
69,1662004,1662055,0
70,1662055,1662053,0
71,1661970,1662011,0
72,1662000,1661984,0
73,1662001,1662000,1
74,1662003,1662001,1
75,1661907,1662003,0
76,1662070,1662023,0
77,1662062,1661940,0
78,1661952,1662062,0
79,1662075,1662070,0
80,1662068,1662016,0
81,1662042,1661969,0
82,1662040,1662042,0
83,1662044,1662040,0
84,1661988,1662044,0
85,1662055,1662096,0
86,1662093,1662096,0
87,1662096,1662098,0
88,1662098,1661939,0
89,1662118,1661897,0
90,1662117,1662057,0
91,1662118,1662117,0
92,1662119,1662054,0
93,1662117,1662119,0
94,1662066,1661965,0
95,1662113,1661993,0
96,1661940,1662068,0
97,1662129,1662039,0
98,1662119,1662129,0
99,1662129,1662138,0
100,1662141,1662091,0
101,1662141,1662113,0
102,1662149,1662070,1
103,1662138,1662149,0
104,1662147,1662113,0
105,1662008,1662088,0
106,1662088,1662090,0
107,1662154,1662075,0
108,1662149,1662154,0
109,1662085,1662042,0
110,1662176,1661793,0
111,1661969,1662085,0
112,1662121,10503,1
113,1661949,1662145,0
114,1662164,1662132,0
115,1662154,1662164,0
116,1662161,1662098,0
117,1662093,1662165,0
118,1662161,1662165,0
119,1662178,1662118,0
120,1662179,1662117,0
121,1662179,1662178,1
122,1662181,1662119,0
123,1662181,1662179,1
124,1662183,1662129,0
125,1662183,1662181,0
126,1662148,1662088,0
127,1662138,1662192,0
128,1662192,1662183,1
129,1662085,1662139,0
130,1662201,1662149,0
131,1662068,1662185,0
132,1662187,1662062,0
133,1662185,1662187,0
134,1662206,1662181,0
135,1662209,1662154,1
136,1662208,1662132,0
137,1662139,1662166,0
138,1662044,1662166,0
139,1662225,1662164,0
140,1662186,1662090,0
141,1662191,1662186,0
142,1662239,1662208,0
143,1662164,1662239,1
144,1662244,1662161,0
145,1662251,1662239,0
146,1662165,1662252,0
147,1662252,1662161,0
148,1662224,1662186,0
149,1662090,1662224,0
150,1662220,1662217,0
151,1662166,1662220,0
152,1662187,1662270,0
153,1662270,1662246,0
154,10503,1662309,0
155,1662185,1662281,0
156,1661833,1662337,0
157,1662337,1662176,0
158,1662320,1662309,0
159,1662227,1662254,0
160,1662224,1662254,0
161,1662259,1662224,0
162,1662230,1662259,0
163,1662281,1662313,0
164,1662314,1662305,0
165,1662314,1662241,0
166,1662351,1662320,0
167,1661743,1662385,0
168,1662365,1662337,0
169,1662291,1662276,0
170,1662242,1662291,0
171,1662293,1662291,0
172,1662238,1662293,0
173,1662254,1662293,0
174,1662353,1662244,1
175,1662324,1662314,1
176,1662281,1662324,0
177,1662343,1662187,0
178,1662343,1662270,0
179,1662362,1662351,0
180,1662230,1662308,0
181,1662217,1662303,0
182,1662349,10523,6
183,10523,1662358,7
184,1662382,1662381,2
185,1662386,1662382,1
186,1662388,1662386,1
187,1662290,1662407,6
188,1662409,1662343,1
189,1662409,1662411,0
190,1662324,1662410,0
191,1662411,1662410,0
192,1662406,1662342,1
193,1662406,1662404,0
194,1662404,1662403,0
195,1662430,1662362,0
196,1662358,1662394,3
197,1662303,1662416,11
198,1662416,1662220,1
199,1662482,1662252,2
200,1662459,1662388,0
201,1662459,1662466,0
202,1662358,1662453,0
203,1662416,1662439,3
204,1662429,1662440,0
205,1662457,1662453,0
206,1662399,1662465,0
207,1662394,1662465,2
208,1662439,1662460,1
209,1662460,1662437,0
210,1662503,1662459,0
211,1662503,1662427,0
212,1662528,1662513,0
213,1662440,1662486,0
214,1662465,1662506,0
215,1662457,1662506,0
216,1662351,1662555,0
217,1662465,1662509,12
218,1662510,1662514,7
219,1662349,1662514,1
220,1662512,1662457,0
221,1662362,1662565,1
222,1662555,1662565,0
223,1662382,1662534,0
224,1662534,1662432,0
225,1662556,1662503,0
226,1662320,1662602,0
227,1662411,1662574,0
228,1662602,1662615,0
229,1662635,1662606,0
230,1662602,1662635,0
231,1662506,1662563,0
232,1662536,1662569,1
233,1662589,1662521,0
234,1662563,1662589,0
235,1662589,1662596,0
236,1662453,1662596,1
237,1662439,1662582,0
238,1662407,1662409,0
239,1662555,1662682,0
240,1662653,1662556,0
241,1662604,1662591,0
242,1662569,1662604,1
243,1662563,1662625,0
244,1662582,1662631,0
245,1662635,1662699,0
246,1662556,1662672,0
247,1662699,1662722,0
248,1662707,1662674,0
249,1662710,1662709,0
250,1662707,1662710,0
251,1662713,1662707,0
252,1662653,1662691,0
253,1662679,1662589,0
254,1662534,1662701,0
255,1662604,1662681,0
256,1662565,1662736,0
257,1662701,1662696,0
258,1662625,1662694,0
259,1662694,1662679,0
260,1662721,1662653,0
261,1662698,1662694,0
262,1662509,1662715,21
263,1662701,1662734,0
264,1662596,1662731,0
265,1662679,1662732,0
266,1662731,1662732,0
267,1662735,1662731,1
268,1662453,1662735,1
269,1662725,1662728,0
270,1662681,1662728,0
271,1662750,1662735,0
272,1662728,1662738,0
273,1662681,1662738,0
274,1662764,1662721,0
275,1662752,1662715,4
276,1662514,1662755,1
277,1662694,1662753,1
278,1662732,1662753,2
279,1662738,1662749,0
280,1662704,1662749,0
281,1662704,1662751,2
282,1662751,1662638,0
283,1662756,1662698,0
284,1662753,1662756,1
285,1662756,1662752,1
286,1662749,1662769,0
287,1662728,1662771,0
288,1662722,1662823,1
289,1662734,1662764,0
290,1662710,1662815,0
291,1662715,1662794,10
292,1662806,1662764,0
293,1662755,1662812,0
294,1662826,1662778,0
295,1662381,1662826,3
296,1662752,1662816,1
297,1662734,1662839,1
298,1662794,1662835,30
299,1662837,1662813,6
300,1662843,1662837,0
301,1662835,1662843,14
302,1662899,1662860,0
303,1662902,1662899,0
304,1662813,1662887,12
305,1662899,1662901,0
306,1662914,1662835,8
307,1662914,1662922,0
308,1662843,1662933,4
309,1662922,1662933,1
310,1662964,1662902,3
311,1662933,1662944,1
312,1662942,1662957,0
313,1662961,1662914,0
314,1662961,1662942,1
315,1662957,1662967,0
316,1662943,1662967,0
317,1663012,1662909,1
318,1663012,1663013,0
319,1663014,1663012,3
320,1663014,2034247,4
321,1663010,1662961,0
322,1663062,1662707,0
323,1663010,1663032,1
324,1662967,1663032,1
325,1663086,1662975,0
326,1663062,1663086,0
327,1662887,1663059,3
328,1663072,1663010,5
329,1663076,1663079,2
330,1662945,1663079,2
331,1663032,1663078,0
332,1663078,1663076,0
333,1663072,1663081,2
334,1663081,1663078,0
335,1663083,1663072,2
336,1662933,1663090,2
337,1663090,1663083,0
338,1663059,1663090,6
339,1663106,1663014,2
340,1663081,1663133,0
341,1663139,1663076,0
342,1663144,1663139,3
343,1663079,1663144,2
344,1663078,1663143,0
345,1663139,1663143,0
346,1663149,1663144,2
347,1663079,1663149,12
348,1663133,1663151,0
349,1663160,1663012,1
350,1663164,1663160,0
351,1663164,1663106,1
352,1663126,1663162,0
353,1663133,1663162,0
354,1663180,1662964,2
355,1663210,1662899,1
356,1663212,1663210,0
357,1663203,1663139,0
358,1663203,1663208,2
359,1663144,1663208,2
360,1663143,1663207,0
361,1663208,1663218,0
362,1663149,1663218,1
363,1663218,1663224,1
364,1663160,1663224,1
365,1663162,1663216,0
366,1663216,1663207,1
367,1663224,1663227,0
368,1663227,1663160,0
369,1663227,1663229,0
370,1663229,1663164,0
371,1663228,1663072,2
372,1663216,1663228,0
373,10668,1663062,0
374,1662430,1663343,0
375,1663291,1663203,0
376,1663294,1663291,15
377,1663208,1663294,1
378,1663291,1663292,9
379,1663292,1663293,0
380,1663294,1663299,0
381,1663218,1663299,0
382,1663299,1663301,0
383,1663224,1663301,0
384,1663366,10668,1
385,1663301,1663314,0
386,1663314,1663229,11
387,1663314,1663319,0
388,1663319,15381,0
389,1663276,1663358,3
390,1663059,1663352,3
391,1663351,1663352,6
392,1663361,1663351,0
393,1663352,1663355,1
394,1663378,1663308,0
395,1663372,1663291,0
396,1663361,1663374,0
397,1663344,1663374,7
398,1663375,1663292,2
399,1663375,1663372,0
400,1663372,1663377,0
401,1663299,1663377,4
402,1663377,1663383,0
403,1663301,1663383,0
404,1663383,1663390,0
405,1663390,1663314,4
406,1663390,1663395,0
407,1663319,1663395,4
408,1663422,1663390,1
409,1663395,1663422,2
410,1663374,1663430,4
411,1663438,1663361,1
412,1663439,1663351,0
413,1663439,1663438,0
414,1663444,1663372,0
415,1663352,1663440,0
416,1663440,1663439,0
417,1663444,1663446,0
418,1663450,1663444,0
419,1663449,1663375,0
420,1663446,1663449,1
421,1663452,1663450,1
422,1663377,1663452,0
423,1663383,1663455,0
424,1663422,1663455,9
425,1663455,1663452,0
426,1663549,1662365,0
427,1663449,1663472,0
428,1663507,1663422,2
429,1663498,1663507,0
430,1663510,1663498,5
431,1663355,1663492,0
432,1663430,1663508,0
433,1663508,1663375,0
434,1663438,1663515,1
435,1663430,1663515,1
436,1663508,1663553,1
437,1663472,1663553,0
438,1663563,1663498,0
439,1663440,1663570,0
440,1663578,1663449,0
441,1663577,1663472,0
442,1663578,1663577,1
443,1663579,1663578,0
444,1663446,1663579,0
445,1663581,1663579,0
446,1663581,1663444,0
447,1663584,1663581,3
448,1663587,1663584,0
449,1663590,1663587,3
450,1663601,1663507,1
451,1663601,1663590,0
452,1663553,1663603,0
453,1663577,1663603,0
454,1663489,1663611,0
455,1663603,1663647,0
456,1663652,1663581,0
457,1663510,1663665,2
458,1663603,1663663,0
459,1663663,1663640,0
460,1663515,1663661,1
461,1663668,1663601,0
462,1663665,1663678,0
463,1663675,1663578,0
464,1663675,1663652,0
465,1663688,1663508,0
466,1663569,1663739,1
467,1663688,1663722,0
468,1663553,1663722,0
469,1663665,1663729,0
470,1663663,1663737,2
471,1663737,1663675,1
472,1663729,1663759,0
473,1663722,1663745,0
474,1663647,1663745,0
475,1663721,1663762,0
476,1663777,1663741,0
477,1663777,1663685,0
478,1663793,1663647,0
479,1663793,1663737,0
480,1663836,1663794,0
481,1663836,1663739,0
482,1663745,1663815,0
483,1663818,1663652,1
484,1663830,1663777,1
485,1663762,1663830,0
486,1663823,1663736,0
487,1663837,1663793,0
488,1663729,1663851,0
489,1663843,1663823,0
490,1663843,1663688,0
491,1663851,15377,0
492,1663850,1663844,0
493,1663755,1663850,0
494,1663815,1663837,0
495,1663888,1663836,0
496,15378,1663861,0
497,1663722,1663843,0
498,1663861,1663862,0
499,1663863,1663850,0
500,1663866,1663863,0
501,1663830,1663866,0
502,1663921,1663366,1
503,1663745,1663876,0
504,1663570,1663873,6
505,1663860,1663836,0
506,1663903,1663843,0
507,1663851,1663919,0
508,1663844,1663916,0
509,10698,1663943,1
510,1663943,1663938,0
511,1663549,1663992,1
512,1663916,1663949,0
513,1663949,1663926,0
514,1663972,1663819,0
515,1663919,1663972,0
516,1663968,1663818,2
517,1663981,1663862,4
518,1663980,1663830,1
519,1663983,1663968,0
520,1663998,1663949,0
521,1663998,1663980,0
522,1664002,1663980,0
523,1664009,1664002,0
524,1663972,1664009,2
525,1664019,1663861,8
526,1663981,1664019,0
527,1664013,1663818,5
528,1664021,1664013,2
529,1663973,1664021,0
530,1664017,1663903,0
531,1664025,1663983,0
532,1664017,1664038,0
533,1664038,1664051,1
534,1664026,1664051,0
535,1664065,1664002,0
536,1664069,1664021,0
537,1663968,1664064,0
538,1664051,1664063,0
539,1664032,1664063,0
540,1663983,1664078,0
541,1664062,1664082,0
542,1664038,1664079,0
543,1664167,1663549,0
544,1664174,1664167,0
545,1664125,1664122,0
546,1664064,1664126,0
547,1664126,1664114,0
548,1664063,1664137,0
549,1664137,1664082,0
550,1664082,1664025,0
551,1664009,1664147,0
552,1664148,1664125,0
553,1664128,1664148,0
554,1664157,1664125,0
555,1664093,1664159,0
556,1664159,1664122,1
557,1664121,1664155,0
558,1664064,1664155,0
559,1664163,1664126,0
560,1664051,1664165,0
561,1663916,1664185,0
562,1664147,1664190,0
563,1664155,1664199,0
564,1664208,1664159,0
565,1664204,1664163,0
566,1664159,1664228,0
567,1664237,1664148,0
568,1664170,1664247,0
569,1664190,1664247,1
570,1664247,1664237,0
571,1664248,1664163,0
572,1664148,1664256,0
573,1664255,1664013,0
574,1664266,1664248,0
575,1664271,1664137,0
576,1664155,1664271,0
577,1664291,1664237,0
578,1664247,1664295,0
579,1664271,1664290,2
580,1664290,1664248,0
581,1664328,1664255,4
582,1664344,1664301,0
583,1664344,1664271,0
584,1664290,1664349,0
585,1664190,1664359,0
586,1664355,1664290,0
587,1664349,1664378,0
588,1664328,1664378,0
589,1664355,1664391,0
590,1664137,1664344,0
591,1664378,1664414,0
592,1663739,1664487,4
593,1664213,1664467,0
594,1663943,1664489,3
595,1664486,1664294,0
596,1664487,1664202,0
597,1664482,1664355,1
598,1664202,1664609,0
599,1664174,1664709,0
600,1664487,1664738,0
601,1664738,1664742,0
602,1664797,1664605,0
603,1665038,10787,0
604,1665100,1664167,0
605,1664738,1665120,0
606,1665116,1665118,0
607,1665118,1664999,0
608,1665118,1665120,0
609,1665114,1665113,0
610,1665090,1665091,0
611,1664489,1665133,1
612,1665132,1665133,0
613,1665297,1665299,0
614,1665330,1665091,0
615,1665410,1665116,0
616,1665297,1665444,0
617,1665482,1665153,1
618,1665551,1665100,0
619,1665551,1665601,0
620,1665410,1665552,0
621,1665552,1665612,0
622,1665614,1665586,0
623,1665648,1665614,0
624,1665648,1665410,0
625,1665614,1665662,0
626,1665671,1665648,0
627,1665552,1665671,0
628,1665735,1665671,0
629,1665120,1665735,0
630,1665671,1665741,0
631,1665153,1665861,0
632,1665861,1663992,0
633,1666240,1666324,0
634,1666324,1666285,0
635,1666324,1666414,0
636,1666385,1666361,0
637,1666386,1666385,0
638,1666414,1666421,0
639,1666473,1666471,0
640,1663992,1666465,2
641,1666385,1666420,0
642,1666485,1665861,0
643,1666500,1665823,1
644,1666500,1666498,0
645,1666511,1666414,0
646,1666588,1666511,1
647,1666588,1666584,0
648,1666587,1666506,2
649,1666642,1666588,0
650,1666509,1666684,2
651,1666688,1666648,0
652,1666684,1666726,0
653,1666688,1666737,0
654,1666737,1666512,2
655,1666684,1666858,0
656,1666865,1666844,0
657,1666858,1666865,0
658,1666865,1666938,0
659,1666938,1666998,0
660,1666998,1667003,0
661,1667020,1666923,0
662,1667020,1667021,0
663,1667021,1666688,0
664,1667037,1666485,4
665,1667026,1667037,0
666,1666858,1667028,0
667,1667028,1667020,0
668,1667028,1666865,0
669,1667070,1667066,0
670,1666998,1667070,0
671,1667083,1667070,0
672,1667083,1667104,0
673,1667104,1667028,0
674,1667021,1667104,0
675,1667108,1666587,1
676,1667098,1667097,0
677,1667100,1667098,0
678,1667104,1667174,0
679,1667174,1667145,0
680,1667066,1667203,0
681,1667238,1667083,0
682,1667238,1667174,0
683,1667174,1667205,0
684,1667203,1667302,0
685,1667248,1667287,0
686,1667302,1667378,0
687,1666473,1667498,0
688,1667498,1667493,0
689,1667144,1667503,2
690,1667302,1667484,0
691,1667484,1667238,0
692,1667484,1667486,0
693,1667503,1667518,2
694,1667037,1667518,0
695,1667518,1667498,1
696,1667529,1667532,0
697,1667532,1667533,0
698,1667533,1667534,0
699,1667533,1667587,0
700,1667587,1667586,0
701,1667534,1667636,0
702,1667636,1667652,0
703,1667595,1667658,0
704,1667663,1667658,0
705,1667493,1667714,0
706,1667658,1667711,0
707,1667636,1667710,0
708,1667658,1667728,0
709,1667710,1667730,0
710,1667587,1667739,0
711,1667144,1667774,0
712,1667771,1667291,0
713,1667710,1667773,0
714,1667876,1667823,0
715,1667771,1667899,0
716,1667714,1667939,0
717,1668103,1667899,2
718,1667876,1668103,0
719,1667518,1668213,0
720,1668231,1668195,0
721,1668231,1668327,0
722,1668195,1668327,0
723,1668298,1668329,0
724,1667493,1668393,0
725,1667714,11127,0
726,1661946,10464,1
727,1662510,10523,4
728,1662750,1662510,5
729,1662946,1662750,4
730,1663328,1663329,4
731,1667899,1667829,0
732,1667829,1667876,0
733,1667829,1667779,0
734,1666947,1667144,1
735,1666498,1666947,6
736,1667783,1667300,0
737,1667774,1667783,0
738,1667783,1667771,2
739,1666947,1667085,0
740,1666480,1666321,0
741,1666485,1666480,6
742,1666490,1666349,0
743,1666480,1666490,0
744,1666494,1666699,0
745,1666490,1666494,3
746,1666494,1666498,0
747,1666504,1666295,0
748,1666512,1666504,0
749,1666504,1666500,0
750,1668086,1667949,0
751,1668329,1667949,0
752,1667949,1667503,1
753,1668393,1668266,0
754,1666589,1666485,2
755,1666589,1666670,0
756,1666471,1665551,0
757,1664722,1664761,1
758,1664722,1665153,0
759,1663343,1664722,0
760,1664202,1663921,0
761,1663086,1663265,0
762,1663265,1663230,0
763,1663265,1663289,0
764,1662176,1662487,0
765,1662487,1662490,0
766,1662487,1663075,0
767,1663075,1663632,1
768,1663901,1664174,0
769,1661719,1661725,0
770,1661725,1661700,0
771,1661719,1661670,0
772,2008373,1661719,0
773,1661742,1661725,0
774,1661838,1661802,0
775,1661668,1661907,0
776,1663717,2024346,0
777,2024347,1663861,0
778,1664156,1663981,2
779,1664144,1664213,0
780,1663583,1664213,0
781,1663717,1663870,2
782,1663862,1663870,0
783,1663870,1664144,1
784,1663470,1663510,0
785,1663973,1663897,0
786,1663897,1663916,0
787,1664021,1663897,0
788,1663741,1663687,0
789,1663687,1663668,0
790,1663687,1663689,1
791,1663344,1663297,0
792,1663297,1663228,6
793,1663207,1663293,0
794,1663207,1663205,0
795,1663205,1663203,0
796,1663205,1663266,0
797,1662477,1662536,0
798,1662437,1662481,0
799,1662481,1662494,0
800,1662494,1662536,0
801,1662474,1662494,0
802,1662420,1662474,0
803,1662421,1662431,0
804,1662437,1662421,0
805,1662421,1662420,0
806,1662582,1662460,1
807,1662837,1662887,2
808,1661196,1661199,0
809,1661199,1661200,0
810,1661559,1661560,0
811,1661560,1661556,3
812,1662410,1662412,0
813,1662412,1662539,0
814,1662247,1662403,0
815,1662247,1662248,0
816,1662403,1662400,4
817,1662159,1661967,0
818,1662257,1662168,0
819,1662190,1662078,0
820,1662159,1662190,0
821,1662190,1662257,0
822,1662257,1662395,0
823,1662400,1662395,1
824,1662200,1662159,0
825,1662400,1662277,0
826,1662277,1662200,0
827,1662200,1662167,0
828,1662277,1662237,0
829,1663394,1663206,0
830,1664483,1664253,0
831,1665956,1665971,0
832,1665956,1666240,0
833,1665971,1666044,0
834,1665735,1666025,0
835,1666025,1666512,1
836,1665586,1665956,0
837,1665114,1665218,0
838,1665218,1665297,0
839,1665890,1665956,0
840,1665466,1665472,0
841,1665466,1665615,0
842,1665615,1665890,0
843,1665890,1665685,0
844,1666044,1666026,0
845,1666026,1666025,0
846,1666203,1666113,0
847,1666112,1666203,0
848,1666203,1666353,0
849,1666353,1666509,0
850,1666353,1666372,0
851,1666294,1666353,0
852,1666026,1666165,0
853,1665971,1665902,0
854,2304262,1666984,0
855,1666984,1666907,0
856,2304263,1667179,0
857,1667179,1667162,0
858,1666984,1667179,0
859,1667933,1668044,0
860,1667933,1668046,0
861,1667874,1667931,0
862,1668168,1668185,0
863,1668018,1668168,0
864,1668046,1667877,0
865,1667663,1667874,0
866,1667874,1667933,0
867,1667877,1667880,0
868,1667880,1668018,0
869,1667877,1667835,0
870,1665046,1665100,0
871,1663075,1662995,0
872,10492,1661921,0
873,1661921,1661874,0
874,1662064,10492,0
875,1662064,1662172,0
876,1662235,1662321,1
877,1662065,1662121,0
878,1662121,1662083,0
879,1662121,1662120,0
880,1662178,1662177,1
881,1662177,1662120,0
882,1662120,1662079,1
883,1662120,1662118,0
884,1662175,1662147,0
885,1662236,1662208,0
886,1662280,1662236,0
887,1662236,1662204,0
888,1662204,1662175,1
889,1662258,1662236,0
890,1662203,1662175,0
891,1662173,1662141,0
892,1662173,1662203,0
893,1662098,1662173,0
894,1662228,1662204,0
895,1662203,1662228,0
896,1662228,1662258,0
897,1662258,1662307,0
898,1662244,1662203,0
899,1662303,1662429,4
900,1662673,1662681,0
901,1662460,1662569,6
902,1663212,1663215,9
903,2026265,1662230,0
904,1662509,1662561,1
905,1662561,1662625,0
906,1662753,1662803,0
907,1662803,1662945,1
908,1662804,1662756,0
909,1662804,1662803,1
910,1663076,1663054,0
911,1663611,1663607,0
912,1663590,1663775,0
913,1663775,1663844,0
914,1663770,1663775,0
915,1663762,1663646,0
916,1663646,1663668,0
917,1663646,1663596,0
918,1664122,1664052,0
919,1664052,1663998,1
920,1664052,1664056,0
921,1664349,1664383,0
922,1663605,1663710,0
923,1663710,1663717,0
924,1664144,1664197,0
925,2296035,1663189,0
926,1665615,1665732,0
927,1665732,1666112,0
928,1665732,1665652,0
929,1665652,1665603,0
930,1665603,1665455,0
931,1665455,1665354,0
932,1665543,1665653,0
933,1665455,1665543,0
934,1665133,1665127,0
935,1665127,1665114,0
936,1665354,1665127,0
937,1665354,1665353,0
938,1665543,1665448,0
939,1662147,1662100,0
940,1662100,1662071,0
941,1662374,1662365,0
942,1662811,1662810,0
943,1662309,1662375,0
944,1662375,1662374,0
945,1662375,1662538,0
946,1661921,1661911,0
947,1662100,1662067,1
948,1662067,1662074,0
949,1662074,1662132,0
950,1662208,1662155,0
951,1662155,1662147,0
952,1662155,1662074,2
953,1662922,1662971,0
954,1664019,1664469,0
955,1662357,1662463,2
956,1662372,1662357,4
957,1662463,1662462,0
958,1662372,1662462,3
959,2005034,2005032,0
960,1662276,1662319,0
961,1662319,1662509,0
962,1661549,1661547,0
963,1661555,1661566,0
964,1661566,1661547,0
965,1661577,1661544,0
966,1661547,1661585,0
967,1661566,1661593,0
968,1661593,1661585,0
969,1661598,1661555,0
970,1661585,1661676,0
971,1661676,1661577,0
972,1661614,1661598,0
973,1661614,1661593,0
974,1661585,1661620,0
975,1661620,1661676,0
976,1661614,1661719,0
977,1661670,1661614,0
978,1661555,1661553,0
979,1661389,1661553,0
980,1661553,1661668,0
981,1661670,1661668,0
982,1662813,1662784,2
983,1662286,1662282,0
984,1663293,1663344,9
985,1661879,1661890,0
986,1662040,1662109,0
987,1662898,1662957,0
988,1662000,1662049,0
989,1662088,1662069,0
990,1663583,1663604,2
991,1663604,1663605,0
992,1663710,1663604,1
993,1663450,1663531,0
994,1663531,1663584,1
995,1661577,1661558,0
996,2013290,1661558,0
997,1668381,1668383,0
998,1668391,1668383,0
999,1667774,1668437,0
1000,1668437,1668463,0
1001,1668463,1668285,0
1002,1668437,1668549,0
1003,1668103,1668551,1
1004,1668213,1668630,0
1005,1668329,1668636,0
1006,1668327,1668822,0
1007,1669042,1668393,0
1008,1668046,1668449,0
1009,1668168,1668444,0
1010,1668633,1668388,0
1011,15377,15378,0
1012,1663297,1663298,0
1013,1662474,1662481,0
1014,1667544,1667663,0
1015,1662513,1662458,0
1016,1662433,1662417,2
1017,1661729,1662290,3
1018,1661584,1662386,2
1019,1666471,10949,0
1020,1660820,1661200,0
1021,1661705,1661678,0
1022,1661705,1661704,0
1023,1661697,1661723,0
1024,1661723,1661705,0
1025,1661739,1661705,0
1026,1661704,1661754,0
1027,1661746,1661754,0
1028,1661767,1661704,0
1029,1661768,1661723,0
1030,1661768,1661769,0
1031,1661769,1661767,0
1032,1661754,1661794,0
1033,1661795,1661794,0
1034,1661746,1661805,0
1035,1661794,1661834,0
1036,1661834,1661767,0
1037,1661774,1661836,0
1038,1661836,1661867,0
1039,1661867,1661868,0
1040,1661869,1661825,0
1041,1661868,1661869,0
1042,1661869,1661880,0
1043,1661744,10464,0
1044,1661805,1661884,0
1045,1661880,1661884,2
1046,1661878,1661768,0
1047,1661805,1661887,0
1048,1661884,1661887,1
1049,1661769,1661882,0
1050,1661834,1661886,0
1051,1661887,1661886,2
1052,1661886,1661882,0
1053,1661837,1661851,0
1054,1661838,1661851,0
1055,1661868,1661936,0
1056,1661939,1661936,0
1057,1661867,1661939,0
1058,1661942,1661869,0
1059,1661936,1661942,0
1060,1661879,1661838,0
1061,1661906,1661908,0
1062,1661950,1661942,0
1063,1661959,1661880,0
1064,1661950,1661959,0
1065,1661851,1661904,0
1066,1661904,1661907,0
1067,1661940,1661952,0
1068,1661952,1661801,0
1069,1661951,1661993,0
1070,1661946,1661908,1
1071,1661908,1661945,0
1072,1661936,1662004,0
1073,1662004,1661950,0
1074,1661945,1661965,0
1075,1661927,1662019,0
1076,1661970,1661966,0
1077,1661965,1661970,0
1078,1662019,1662023,0
1079,1661904,1661969,0
1080,1661993,1662036,0
1081,1661974,1661978,0
1082,1661977,1661974,0
1083,1661978,1661984,0
1084,1661984,1661974,0
1085,1661988,1661879,0
1086,1661987,1661988,0
1087,1661997,1662008,0
1088,1662008,1661945,0
1089,1662055,1662004,0
1090,1662053,1662055,0
1091,1662011,1661970,0
1092,1661984,1662000,0
1093,1662000,1662001,0
1094,1662001,1662003,0
1095,1662003,1661907,2
1096,1662023,1662070,0
1097,1661940,1662062,0
1098,1662062,1661952,0
1099,1662070,1662075,0
1100,1662016,1662068,0
1101,1661969,1662042,0
1102,1662042,1662040,0
1103,1662040,1662044,0
1104,1662044,1661988,0
1105,1662091,1662036,0
1106,1662096,1662055,0
1107,1662096,1662093,0
1108,1662098,1662096,0
1109,1661939,1662098,0
1110,1662036,1662091,0
1111,1661897,1662118,0
1112,1662057,1662117,0
1113,1662117,1662118,0
1114,1662054,1662119,0
1115,1662119,1662117,0
1116,1661965,1662066,0
1117,1661993,1662113,0
1118,1662068,1661940,0
1119,1662039,1662129,0
1120,1662129,1662119,0
1121,1662138,1662129,0
1122,1662091,1662141,0
1123,1662113,1662141,0
1124,1662070,1662149,0
1125,1662149,1662138,0
1126,1662113,1662147,0
1127,1662088,1662008,0
1128,1662090,1662088,0
1129,1662075,1662154,0
1130,1662154,1662149,0
1131,1662042,1662085,0
1132,1661793,1662176,0
1133,1662085,1661969,0
1134,10503,1662121,0
1135,1662145,1661949,0
1136,1662132,1662164,0
1137,1662164,1662154,0
1138,1662098,1662161,0
1139,1662165,1662093,0
1140,1662165,1662161,0
1141,1662118,1662178,0
1142,1662117,1662179,0
1143,1662178,1662179,0
1144,1662119,1662181,0
1145,1662179,1662181,0
1146,1662129,1662183,0
1147,1662181,1662183,0
1148,1662088,1662148,0
1149,1662192,1662138,0
1150,1662183,1662192,0
1151,1662139,1662085,0
1152,1662149,1662201,0
1153,1662185,1662068,0
1154,1662062,1662187,0
1155,1662187,1662185,0
1156,1662181,1662206,0
1157,1662154,1662209,0
1158,1662132,1662208,0
1159,1662166,1662139,0
1160,1662166,1662044,1
1161,1662164,1662225,0
1162,1662090,1662186,0
1163,1662186,1662191,0
1164,1662208,1662239,0
1165,1662239,1662164,0
1166,1662161,1662244,0
1167,1662239,1662251,0
1168,1662252,1662165,1
1169,1662161,1662252,0
1170,1662186,1662224,0
1171,1662224,1662090,0
1172,1662217,1662220,0
1173,1662220,1662166,0
1174,1662270,1662187,0
1175,1662246,1662270,0
1176,1662309,10503,1
1177,1662281,1662185,0
1178,1662337,1661833,0
1179,1662176,1662337,0
1180,1662309,1662320,0
1181,1662254,1662227,0
1182,1662254,1662224,0
1183,1662224,1662259,0
1184,1662259,1662230,0
1185,1662313,1662281,0
1186,1662305,1662314,0
1187,1662241,1662314,0
1188,1662320,1662351,0
1189,1662385,1661743,0
1190,1662337,1662365,1
1191,1662276,1662291,0
1192,1662291,1662242,0
1193,1662291,1662293,0
1194,1662293,1662238,0
1195,1662293,1662254,0
1196,1662244,1662353,0
1197,1662314,1662324,0
1198,1662324,1662281,0
1199,1662187,1662343,0
1200,1662270,1662343,0
1201,1662351,1662362,0
1202,1662308,1662230,0
1203,1662303,1662217,12
1204,10523,1662349,7
1205,1662358,10523,0
1206,1662381,1662382,0
1207,1662382,1662386,0
1208,1662386,1662388,0
1209,1662407,1662290,0
1210,1662343,1662409,0
1211,1662411,1662409,0
1212,1662410,1662324,0
1213,1662410,1662411,0
1214,1662342,1662406,0
1215,1662404,1662406,0
1216,1662403,1662404,0
1217,1662362,1662430,1
1218,1662394,1662358,0
1219,1662416,1662303,7
1220,1662220,1662416,0
1221,1662252,1662482,0
1222,1662388,1662459,0
1223,1662466,1662459,0
1224,1662453,1662358,0
1225,1662439,1662416,0
1226,1662440,1662429,0
1227,1662453,1662457,0
1228,1662465,1662399,0
1229,1662465,1662394,0
1230,1662460,1662439,1
1231,1662437,1662460,0
1232,1662459,1662503,0
1233,1662427,1662503,0
1234,1662513,1662528,0
1235,1662486,1662440,0
1236,1662506,1662465,0
1237,1662506,1662457,0
1238,1662555,1662351,0
1239,1662509,1662465,0
1240,1662514,1662510,0
1241,1662514,1662349,1
1242,1662457,1662512,0
1243,1662565,1662362,0
1244,1662565,1662555,0
1245,1662534,1662382,0
1246,1662432,1662534,0
1247,1662512,1662521,0
1248,1662521,1662512,0
1249,1662503,1662556,0
1250,1662602,1662320,0
1251,1662574,1662411,0
1252,1662615,1662602,0
1253,1662606,1662635,0
1254,1662635,1662602,0
1255,1662563,1662506,0
1256,1662569,1662536,0
1257,1662521,1662589,0
1258,1662589,1662563,0
1259,1662596,1662589,0
1260,1662596,1662453,0
1261,1662582,1662439,0
1262,1662409,1662407,0
1263,1662682,1662555,0
1264,1662556,1662653,0
1265,1662591,1662604,0
1266,1662604,1662569,0
1267,1662625,1662563,0
1268,1662631,1662582,0
1269,1662699,1662635,0
1270,1662672,1662556,0
1271,1662722,1662699,0
1272,1662674,1662707,0
1273,1662709,1662710,0
1274,1662710,1662707,0
1275,1662707,1662713,0
1276,1662691,1662653,0
1277,1662589,1662679,0
1278,1662701,1662534,0
1279,1662681,1662604,0
1280,1662736,1662565,0
1281,1662696,1662701,0
1282,1662694,1662625,0
1283,1662679,1662694,0
1284,1662653,1662721,0
1285,1662694,1662698,0
1286,1662715,1662509,0
1287,1662734,1662701,0
1288,1662731,1662596,0
1289,1662732,1662679,0
1290,1662732,1662731,0
1291,1662731,1662735,0
1292,1662735,1662453,0
1293,1662728,1662725,0
1294,1662728,1662681,0
1295,1662735,1662750,0
1296,1662738,1662728,0
1297,1662738,1662681,0
1298,1662721,1662764,0
1299,1662715,1662752,0
1300,1662755,1662514,0
1301,1662753,1662694,0
1302,1662753,1662732,0
1303,1662749,1662738,0
1304,1662749,1662704,0
1305,1662751,1662704,1
1306,1662638,1662751,0
1307,1662698,1662756,0
1308,1662756,1662753,0
1309,1662752,1662756,0
1310,1662769,1662749,0
1311,1662771,1662728,0
1312,1662823,1662722,0
1313,1662764,1662734,0
1314,1662815,1662710,0
1315,1662794,1662715,0
1316,1662764,1662806,0
1317,1662812,1662755,0
1318,1662778,1662826,0
1319,1662826,1662381,0
1320,1662816,1662752,0
1321,1662839,1662734,0
1322,1662835,1662794,0
1323,1662813,1662837,1
1324,1662837,1662843,1
1325,1662843,1662835,0
1326,1662860,1662899,0
1327,1662899,1662902,0
1328,1662887,1662813,7
1329,1662901,1662899,0
1330,1662835,1662914,0
1331,1662922,1662914,0
1332,1662933,1662843,0
1333,1662933,1662922,0
1334,1662902,1662964,0
1335,1662944,1662933,0
1336,1662957,1662942,0
1337,1662914,1662961,0
1338,1662942,1662961,0
1339,1662967,1662957,0
1340,1662967,1662943,0
1341,1662909,1663012,0
1342,1663013,1663012,0
1343,1663012,1663014,0
1344,2034247,1663014,0
1345,1662961,1663010,0
1346,1662707,1663062,0
1347,1663032,1663010,0
1348,1663032,1662967,0
1349,1662975,1663086,0
1350,1663086,1663062,0
1351,1663059,1662887,6
1352,1663010,1663072,0
1353,1663079,1663076,0
1354,1663079,1662945,1
1355,1663078,1663032,0
1356,1663076,1663078,0
1357,1663081,1663072,0
1358,1663078,1663081,0
1359,1663072,1663083,0
1360,1663090,1662933,0
1361,1663083,1663090,0
1362,1663090,1663059,0
1363,1663014,1663106,0
1364,1663133,1663081,0
1365,1663076,1663139,0
1366,1663139,1663144,0
1367,1663144,1663079,0
1368,1663143,1663078,0
1369,1663143,1663139,0
1370,1663144,1663149,0
1371,1663149,1663079,0
1372,1663151,1663133,0
1373,1663012,1663160,0
1374,1663160,1663164,0
1375,1663106,1663164,0
1376,1663162,1663126,0
1377,1663162,1663133,0
1378,1662964,1663180,0
1379,1662899,1663210,0
1380,1663210,1663212,6
1381,1663139,1663203,3
1382,1663208,1663203,0
1383,1663208,1663144,0
1384,1663207,1663143,0
1385,1663218,1663208,0
1386,1663218,1663149,0
1387,1663224,1663218,0
1388,1663224,1663160,0
1389,1663216,1663162,0
1390,1663207,1663216,0
1391,1663227,1663224,0
1392,1663160,1663227,0
1393,1663229,1663227,0
1394,1663164,1663229,0
1395,1663072,1663228,0
1396,1663228,1663216,1
1397,1663062,10668,0
1398,1663343,1662430,5
1399,1663203,1663291,5
1400,1663180,1663308,0
1401,1663291,1663294,4
1402,1663294,1663208,2
1403,1663292,1663291,8
1404,1663293,1663292,2
1405,1663299,1663294,14
1406,1663299,1663218,0
1407,1663301,1663299,9
1408,1663301,1663224,1
1409,10668,1663366,0
1410,1663314,1663301,38
1411,1663229,1663314,0
1412,1663319,1663314,22
1413,15381,1663319,14
1414,1663358,1663276,4
1415,1663352,1663059,3
1416,1663352,1663351,0
1417,1663351,1663361,0
1418,1663355,1663352,0
1419,1663308,1663378,0
1420,1663291,1663372,8
1421,1663374,1663361,2
1422,1663374,1663344,6
1423,1663292,1663375,0
1424,1663372,1663375,2
1425,1663377,1663372,6
1426,1663377,1663299,0
1427,1663383,1663377,2
1428,1663383,1663301,1
1429,1663390,1663383,9
1430,1663314,1663390,0
1431,1663395,1663390,9
1432,1663395,1663319,0
1433,1663390,1663422,0
1434,1663422,1663395,0
1435,1663430,1663374,3
1436,1663361,1663438,0
1437,1663351,1663439,0
1438,1663438,1663439,0
1439,1663372,1663444,9
1440,1663440,1663352,1
1441,1663439,1663440,0
1442,1663446,1663444,0
1443,1663444,1663450,0
1444,1663375,1663449,0
1445,1663449,1663446,0
1446,1663450,1663452,0
1447,1663452,1663377,0
1448,1663455,1663383,0
1449,1663455,1663422,0
1450,1663452,1663455,0
1451,1662365,1663549,1
1452,1663472,1663449,0
1453,1663422,1663507,0
1454,1663507,1663498,0
1455,1663498,1663510,0
1456,1663492,1663355,0
1457,1663508,1663430,0
1458,1663375,1663508,5
1459,1663515,1663438,0
1460,1663515,1663430,2
1461,1663553,1663508,0
1462,1663553,1663472,0
1463,1663498,1663563,1
1464,1663570,1663440,5
1465,1663449,1663578,0
1466,1663472,1663577,0
1467,1663577,1663578,0
1468,1663578,1663579,0
1469,1663579,1663446,0
1470,1663579,1663581,0
1471,1663444,1663581,9
1472,1663581,1663584,0
1473,1663584,1663587,0
1474,1663587,1663590,0
1475,1663507,1663601,0
1476,1663590,1663601,0
1477,1663603,1663553,0
1478,1663603,1663577,0
1479,1663611,1663489,0
1480,1663647,1663603,0
1481,1663581,1663652,1
1482,1663665,1663510,0
1483,1663663,1663603,0
1484,1663640,1663663,0
1485,1663661,1663515,2
1486,1663601,1663668,0
1487,1663678,1663665,0
1488,1663578,1663675,0
1489,1663652,1663675,0
1490,1663508,1663688,3
1491,1663739,1663569,0
1492,1663722,1663688,1
1493,1663722,1663553,0
1494,1663729,1663665,2
1495,1663737,1663663,0
1496,1663675,1663737,0
1497,1663759,1663729,0
1498,1663745,1663722,0
1499,1663745,1663647,0
1500,1663762,1663721,0
1501,1663741,1663777,0
1502,1663685,1663777,0
1503,1663647,1663793,0
1504,1663737,1663793,0
1505,1663794,1663836,0
1506,1663739,1663836,0
1507,1663815,1663745,0
1508,1663652,1663818,0
1509,1663777,1663830,0
1510,1663830,1663762,0
1511,1663736,1663823,0
1512,1663793,1663837,0
1513,1663851,1663729,1
1514,1663823,1663843,0
1515,1663688,1663843,0
1516,15377,1663851,3
1517,1663844,1663850,0
1518,1663850,1663755,0
1519,1663837,1663815,0
1520,1663836,1663888,0
1521,1663861,15378,25
1522,1663843,1663722,0
1523,1663862,1663861,22
1524,1663850,1663863,0
1525,1663863,1663866,0
1526,1663866,1663830,0
1527,1663366,1663921,0
1528,1663876,1663745,0
1529,1663873,1663570,7
1530,1663836,1663860,0
1531,1663843,1663903,0
1532,1663919,1663851,2
1533,1663916,1663844,1
1534,1663943,10698,0
1535,1663938,1663943,0
1536,1663992,1663549,0
1537,1663949,1663916,0
1538,1663926,1663949,0
1539,1663819,1663972,0
1540,1663972,1663919,0
1541,1663818,1663968,0
1542,1663862,1663981,0
1543,1663830,1663980,0
1544,1663968,1663983,0
1545,1663949,1663998,2
1546,1663980,1663998,0
1547,1663980,1664002,0
1548,1664002,1664009,0
1549,1664009,1663972,0
1550,1663861,1664019,0
1551,1664019,1663981,0
1552,1663818,1664013,0
1553,1664013,1664021,0
1554,1664021,1663973,0
1555,1663903,1664017,0
1556,1663983,1664025,0
1557,1664038,1664017,0
1558,1664051,1664038,0
1559,1664051,1664026,0
1560,1664002,1664065,0
1561,1664021,1664069,1
1562,1664064,1663968,0
1563,1664063,1664051,0
1564,1664063,1664032,0
1565,1664078,1663983,0
1566,1664082,1664062,0
1567,1664079,1664038,0
1568,1663549,1664167,0
1569,1664167,1664174,0
1570,1664122,1664125,0
1571,1664126,1664064,0
1572,1664114,1664126,0
1573,1664137,1664063,0
1574,1664082,1664137,0
1575,1664025,1664082,0
1576,1664147,1664009,1
1577,1664125,1664148,0
1578,1664148,1664128,0
1579,1664125,1664157,0
1580,1664159,1664093,0
1581,1664122,1664159,0
1582,1664155,1664121,0
1583,1664155,1664064,0
1584,1664126,1664163,0
1585,1664165,1664051,0
1586,1664185,1663916,0
1587,1664190,1664147,0
1588,1664199,1664155,0
1589,1664159,1664208,0
1590,1664163,1664204,0
1591,1664228,1664159,0
1592,1664148,1664237,0
1593,1664247,1664170,0
1594,1664247,1664190,0
1595,1664237,1664247,0
1596,1664163,1664248,0
1597,1664256,1664148,0
1598,1664013,1664255,0
1599,1664248,1664266,0
1600,1664137,1664271,1
1601,1664271,1664155,0
1602,1664237,1664291,0
1603,1664295,1664247,0
1604,1664290,1664271,0
1605,1664248,1664290,0
1606,1664255,1664328,0
1607,1664301,1664344,0
1608,1664271,1664344,0
1609,1664349,1664290,0
1610,1664359,1664190,1
1611,1664290,1664355,0
1612,1664378,1664349,0
1613,1664378,1664328,0
1614,1664391,1664355,0
1615,1664344,1664137,1
1616,1664414,1664378,1
1617,1664487,1663739,0
1618,1664467,1664213,4
1619,1664489,1663943,0
1620,1664294,1664486,0
1621,1664202,1664487,0
1622,1664355,1664482,0
1623,1664609,1664202,0
1624,1664709,1664174,0
1625,1664738,1664487,1
1626,1664742,1664738,0
1627,1664605,1664797,0
1628,10787,1665038,0
1629,1664167,1665100,0
1630,1665120,1664738,0
1631,1665118,1665116,0
1632,1664999,1665118,0
1633,1665120,1665118,1
1634,1665113,1665114,0
1635,1665091,1665090,0
1636,1665133,1664489,0
1637,1665133,1665132,0
1638,1665299,1665297,0
1639,1665091,1665330,0
1640,1665116,1665410,0
1641,1665444,1665297,0
1642,1665153,1665482,0
1643,1665100,1665551,0
1644,1665601,1665551,0
1645,1665552,1665410,0
1646,1665612,1665552,0
1647,1665586,1665614,0
1648,1665614,1665648,0
1649,1665410,1665648,0
1650,1665662,1665614,0
1651,1665648,1665671,0
1652,1665671,1665552,0
1653,1665671,1665735,0
1654,1665735,1665120,1
1655,1665741,1665671,0
1656,1665861,1665153,2
1657,1663992,1665861,2
1658,1666324,1666240,0
1659,1666285,1666324,0
1660,1666414,1666324,0
1661,1666361,1666385,0
1662,1666385,1666386,0
1663,1666421,1666414,0
1664,1666471,1666473,0
1665,1666465,1663992,0
1666,1666420,1666385,0
1667,1665861,1666485,0
1668,1665823,1666500,0
1669,1666498,1666500,0
1670,1666414,1666511,0
1671,1666511,1666588,0
1672,1666584,1666588,0
1673,1666506,1666587,0
1674,1666588,1666642,0
1675,1666684,1666509,0
1676,1666648,1666688,0
1677,1666726,1666684,0
1678,1666737,1666688,0
1679,1666512,1666737,0
1680,1666858,1666684,0
1681,1666844,1666865,0
1682,1666865,1666858,0
1683,1666938,1666865,0
1684,1666998,1666938,0
1685,1667003,1666998,0
1686,1666923,1667020,0
1687,1667021,1667020,0
1688,1666688,1667021,0
1689,1666485,1667037,0
1690,1667037,1667026,0
1691,1667028,1666858,0
1692,1667020,1667028,0
1693,1666865,1667028,0
1694,1667066,1667070,0
1695,1667070,1666998,0
1696,1667070,1667083,0
1697,1667104,1667083,0
1698,1667028,1667104,0
1699,1667104,1667021,0
1700,1666587,1667108,0
1701,1667097,1667098,0
1702,1667098,1667100,0
1703,1667174,1667104,0
1704,1667145,1667174,0
1705,1667203,1667066,0
1706,1667083,1667238,0
1707,1667174,1667238,0
1708,1667205,1667174,0
1709,1667302,1667203,0
1710,1667287,1667248,0
1711,1667378,1667302,0
1712,1667498,1666473,0
1713,1667493,1667498,0
1714,1667503,1667144,0
1715,1667287,1667287,0
1716,1667484,1667302,0
1717,1667238,1667484,0
1718,1667486,1667484,0
1719,1667518,1667503,0
1720,1667518,1667037,5
1721,1667498,1667518,0
1722,1667532,1667529,0
1723,1667533,1667532,0
1724,1667534,1667533,0
1725,1667587,1667533,0
1726,1667586,1667587,0
1727,1667636,1667534,0
1728,1667652,1667636,0
1729,1667658,1667595,0
1730,1667658,1667663,0
1731,1667714,1667493,0
1732,1667711,1667658,0
1733,1667710,1667636,0
1734,1667728,1667658,0
1735,1667730,1667710,0
1736,1667739,1667587,0
1737,1667774,1667144,2
1738,1667291,1667771,0
1739,1667773,1667710,0
1740,1667823,1667876,0
1741,1667899,1667771,0
1742,1667939,1667714,0
1743,1667899,1668103,1
1744,1668103,1667876,0
1745,1668213,1667518,6
1746,1668195,1668231,0
1747,1668327,1668231,0
1748,1668327,1668195,0
1749,1668329,1668298,0
1750,1668393,1667493,0
1751,11127,1667714,0
1752,10464,1661946,0
1753,10523,1662510,5
1754,1662510,1662750,3
1755,1662750,1662946,3
1756,1667829,1667899,0
1757,1667876,1667829,0
1758,1667779,1667829,0
1759,1667144,1666947,0
1760,1666947,1666498,0
1761,1667300,1667783,0
1762,1667783,1667774,0
1763,1667771,1667783,0
1764,1667085,1666947,0
1765,1666321,1666480,0
1766,1666480,1666485,0
1767,1666349,1666490,0
1768,1666490,1666480,0
1769,1666699,1666494,0
1770,1666494,1666490,0
1771,1666498,1666494,0
1772,1666295,1666504,0
1773,1666504,1666512,8
1774,1666500,1666504,0
1775,1667949,1668086,0
1776,1667949,1668329,0
1777,1667503,1667949,0
1778,1668266,1668393,0
1779,1666485,1666589,0
1780,1666670,1666589,0
1781,1665551,1666471,0
1782,1664761,1664722,0
1783,1665153,1664722,3
1784,1664722,1663343,9
1785,1663921,1664202,0
1786,1663265,1663086,0
1787,1663230,1663265,0
1788,1663289,1663265,0
1789,1662487,1662176,0
1790,1662490,1662487,0
1791,1663075,1662487,0
1792,1663632,1663075,0
1793,1664174,1663901,0
1794,1661725,1661719,0
1795,1661700,1661725,0
1796,1661670,1661719,0
1797,1661719,2008373,0
1798,1661725,1661742,0
1799,1661802,1661838,0
1800,1661907,1661668,1
1801,2024346,1663717,2
1802,1663861,2024347,6
1803,1663981,1664156,0
1804,1664213,1664144,1
1805,1664213,1663583,6
1806,1663870,1663717,0
1807,1663870,1663862,0
1808,1664144,1663870,3
1809,1663510,1663470,1
1810,1663897,1663973,0
1811,1663916,1663897,0
1812,1663897,1664021,2
1813,1663687,1663741,0
1814,1663668,1663687,0
1815,1663689,1663687,0
1816,1663297,1663344,0
1817,1663228,1663297,0
1818,1663293,1663207,1
1819,1663205,1663207,0
1820,1663203,1663205,0
1821,1663266,1663205,0
1822,1662536,1662477,0
1823,1662481,1662437,0
1824,1662494,1662481,0
1825,1662536,1662494,0
1826,1662494,1662474,0
1827,1662474,1662420,0
1828,1662431,1662421,0
1829,1662421,1662437,0
1830,1662420,1662421,0
1831,1662460,1662582,0
1832,1662887,1662837,0
1833,1661199,1661196,0
1834,1661200,1661199,0
1835,1661560,1661559,0
1836,1661556,1661560,0
1837,1662412,1662410,0
1838,1662539,1662412,0
1839,1662403,1662247,0
1840,1662248,1662247,0
1841,1662248,1662248,0
1842,1662400,1662403,0
1843,1661967,1662159,0
1844,1662168,1662257,0
1845,1662078,1662190,0
1846,1662190,1662159,0
1847,1662257,1662190,0
1848,1662395,1662257,0
1849,1662395,1662400,0
1850,1662159,1662200,0
1851,1662277,1662400,0
1852,1662200,1662277,0
1853,1662167,1662200,0
1854,1662237,1662277,0
1855,1663206,1663394,0
1856,1664253,1664483,0
1857,1665971,1665956,0
1858,1666240,1665956,0
1859,1666044,1665971,0
1860,1666025,1665735,0
1861,1666512,1666025,0
1862,1665956,1665586,0
1863,1665218,1665114,0
1864,1665297,1665218,0
1865,1665956,1665890,0
1866,1665472,1665466,0
1867,1665615,1665466,0
1868,1665890,1665615,0
1869,1665685,1665890,0
1870,1666026,1666044,0
1871,1666025,1666026,0
1872,1666113,1666203,0
1873,1666203,1666112,0
1874,1666353,1666203,0
1875,1666509,1666353,0
1876,1666372,1666353,0
1877,1666353,1666294,0
1878,1666165,1666026,0
1879,1665902,1665971,0
1880,1666984,2304262,0
1881,1666907,1666984,0
1882,1667179,2304263,0
1883,1667162,1667179,0
1884,1667179,1666984,0
1885,1668044,1667933,0
1886,1668046,1667933,0
1887,1667931,1667874,0
1888,1668185,1668168,0
1889,1668168,1668018,0
1890,1667877,1668046,0
1891,1667874,1667663,0
1892,1667933,1667874,0
1893,1667880,1667877,0
1894,1668018,1667880,0
1895,1667835,1667877,0
1896,1665100,1665046,0
1897,1662995,1663075,0
1898,1661921,10492,0
1899,1661874,1661921,0
1900,10492,1662064,2
1901,1662172,1662064,0
1902,1662321,1662235,0
1903,1662121,1662065,0
1904,1662083,1662121,0
1905,1662120,1662121,0
1906,1662177,1662178,0
1907,1662120,1662177,0
1908,1662079,1662120,0
1909,1662118,1662120,0
1910,1662147,1662175,0
1911,1662208,1662236,0
1912,1662236,1662280,0
1913,1662204,1662236,0
1914,1662175,1662204,0
1915,1662236,1662258,0
1916,1662175,1662203,0
1917,1662141,1662173,0
1918,1662203,1662173,0
1919,1662173,1662098,0
1920,1662204,1662228,0
1921,1662228,1662203,0
1922,1662258,1662228,0
1923,1662307,1662258,0
1924,1662203,1662244,0
1925,1662429,1662303,0
1926,1662681,1662673,0
1927,1662569,1662460,10
1928,1663215,1663212,0
1929,1662230,2026265,2
1930,1662561,1662509,0
1931,1662625,1662561,0
1932,1662803,1662753,0
1933,1662945,1662803,0
1934,1662756,1662804,0
1935,1662803,1662804,0
1936,1663054,1663076,1
1937,1663607,1663611,0
1938,1663775,1663590,2
1939,1663844,1663775,0
1940,1663775,1663770,0
1941,1663646,1663762,0
1942,1663668,1663646,0
1943,1663596,1663646,0
1944,1664052,1664122,0
1945,1663998,1664052,0
1946,1664056,1664052,0
1947,1664383,1664349,0
1948,1663710,1663605,0
1949,1663717,1663710,2
1950,1664197,1664144,0
1951,1663189,2296035,0
1952,1665732,1665615,0
1953,1666112,1665732,0
1954,1665652,1665732,0
1955,1665603,1665652,0
1956,1665455,1665603,0
1957,1665354,1665455,0
1958,1665653,1665543,0
1959,1665543,1665455,0
1960,1665127,1665133,0
1961,1665114,1665127,0
1962,1665127,1665354,0
1963,1665353,1665354,0
1964,1665448,1665543,0
1965,1662100,1662147,0
1966,1662071,1662100,0
1967,1662365,1662374,0
1968,1662810,1662811,0
1969,1662375,1662309,0
1970,1662374,1662375,0
1971,1662538,1662375,0
1972,1661911,1661921,0
1973,1662067,1662100,0
1974,1662074,1662067,0
1975,1662132,1662074,0
1976,1662155,1662208,0
1977,1662147,1662155,0
1978,1662074,1662155,0
1979,1662971,1662922,0
1980,1664469,1664019,0
1981,1662463,1662357,0
1982,1662357,1662372,0
1983,1662462,1662463,0
1984,1662462,1662372,1
1985,1662319,1662276,0
1986,1662509,1662319,3
1987,1661547,1661549,0
1988,1661566,1661555,0
1989,1661547,1661566,0
1990,1661544,1661577,0
1991,1661585,1661547,0
1992,1661593,1661566,0
1993,1661585,1661593,0
1994,1661555,1661598,0
1995,1661676,1661585,0
1996,1661577,1661676,0
1997,1661598,1661614,1
1998,1661593,1661614,0
1999,1661620,1661585,0
2000,1661676,1661620,0
2001,1661719,1661614,0
2002,1661614,1661670,0
2003,1661553,1661555,0
2004,1661553,1661389,0
2005,1661668,1661553,0
2006,1661668,1661670,0
2007,1662784,1662813,0
2008,1662282,1662286,0
2009,1663344,1663293,4
2010,1661890,1661879,0
2011,1662109,1662040,0
2012,1662957,1662898,0
2013,1662049,1662000,0
2014,1662069,1662088,0
2015,1662066,1662069,0
2016,1662069,1662066,0
2017,1663604,1663583,0
2018,1663605,1663604,0
2019,1663604,1663710,0
2020,1663531,1663450,0
2021,1663584,1663531,0
2022,1661558,1661577,0
2023,1661558,2013290,0
2024,1668383,1668381,0
2025,1668383,1668391,0
2026,1668437,1667774,1
2027,1668463,1668437,0
2028,1668285,1668463,0
2029,1668549,1668437,0
2030,1668551,1668103,0
2031,1668630,1668213,0
2032,1668636,1668329,0
2033,1668822,1668327,1
2034,1668393,1669042,0
2035,1668449,1668046,0
2036,1668444,1668168,0
2037,1668388,1668633,0
2038,15378,15377,11
2039,1663298,1663297,0
2040,1662481,1662474,0
2041,1667663,1667544,0
2042,1662458,1662513,0
2043,1662417,1662433,0
2044,1662290,1661729,0
2045,1662386,1661584,0
2046,1663308,1663180,0
2047,10949,1666471,5
2048,1676929,1666473,0
2049,1666473,1676929,0
2050,1666465,1676929,0
2051,1676929,1666465,0
2052,1666512,1666511,2
2053,1666511,1666512,0
2054,1666511,1666509,1
2055,1666509,1666511,0
2056,1665603,1665653,0
2057,1665653,1665603,0
2058,1665653,1677459,0
2059,1677459,1665653,0
2060,1677459,1677461,0
2061,1677461,1677459,0
2062,1677461,1677462,0
2063,1677462,1677461,0
2064,1677462,1677463,0
2065,1677463,1677462,0
2066,1677463,1677464,0
2067,1677464,1677463,0
2068,1677463,1677466,0
2069,1677466,1677463,0
2070,1677462,1677465,0
2071,1677465,1677462,0
2072,1677459,1677460,0
2073,1677460,1677459,0
2074,1677461,1677469,0
2075,1677469,1677461,0
2076,1666112,1666113,0
2077,1666113,1666112,0
2078,1666113,1679415,0
2079,1679415,1666113,0
2080,1679419,1679420,0
2081,1679420,1679419,0
2082,1679421,1679419,0
2083,1679419,1679421,1
2084,1661973,1679441,0
2085,1679441,1661973,0
2086,1679441,1662159,0
2087,1662159,1679441,0
2088,1679441,1679440,0
2089,1679440,1679441,0
2090,1662395,1679462,0
2091,1679462,1662395,0
2092,1679462,1662388,2
2093,1662388,1679462,0
2094,1662395,1679458,1
2095,1679458,1662395,0
2096,1679462,1679459,0
2097,1679459,1679462,0
2098,1679460,1679461,0
2099,1679461,1679460,0
2100,1679458,1679452,0
2101,1679452,1679458,0
2102,1679459,1679455,0
2103,1679455,1679459,0
2104,1679452,1679454,0
2105,1679454,1679452,0
2106,1679454,1679455,0
2107,1679455,1679454,0
2108,1679455,1679456,0
2109,1679456,1679455,0
2110,1662721,1679460,0
2111,1679460,1662721,0
2112,1679460,1679459,0
2113,1679459,1679460,0
2114,1679459,1679458,0
2115,1679458,1679459,0
2116,1661836,1679486,0
2117,1679486,1661836,0
2118,1679486,1679485,0
2119,1679485,1679486,0
2120,2012366,1679488,0
2121,1679488,2012366,0
2122,1679489,2012366,0
2123,2012366,1679489,0
2124,1661825,1679489,0
2125,1679489,1661825,0
2126,1662252,1662235,0
2127,1662235,1662252,0
2128,1662462,1679706,0
2129,1679706,1662462,1
2130,1664473,1664479,0
2131,1664479,1664473,1
2132,1664479,1664483,0
2133,1664483,1664479,0
2134,1678985,1664486,0
2135,1664486,1678985,1
2136,1663395,1679719,0
2137,1679719,1663395,6
2138,1679719,1663470,0
2139,1663470,1679719,8
2140,1679719,15381,7
2141,15381,1679719,0
2142,1662794,1679723,0
2143,1679723,1662794,0
2144,1665132,1677464,0
2145,1677464,1665132,0
2146,2003172,1668231,0
2147,1668213,2003172,0
2148,2003172,1668213,3
2149,1668231,2003172,0
2150,2003172,2003173,0
2151,2003173,2003172,0
2152,2004247,2004256,0
2153,2004256,2004247,0
2154,1661966,2005014,0
2155,2005014,1661966,0
2156,2005014,2005018,0
2157,2005018,2005014,0
2158,2005018,2005019,1
2159,2005019,2005018,0
2160,2005019,2005020,0
2161,2005020,2005019,0
2162,2005019,2005021,0
2163,2005021,2005019,0
2164,2005024,2005018,0
2165,2005018,2005024,0
2166,2005025,2005024,1
2167,2005024,2005025,0
2168,2005024,2005026,0
2169,2005026,2005024,0
2170,2005027,1679723,1
2171,1679723,2005027,0
2172,2005027,2005029,4
2173,2005029,2005027,0
2174,2005029,2005030,0
2175,2005030,2005029,0
2176,2005030,2005032,0
2177,2005032,2005030,0
2178,2005032,2005033,0
2179,2005033,2005032,0
2180,2005029,2005034,0
2181,2005034,2005029,0
2182,2005034,2005035,1
2183,2005035,2005034,0
2184,2005036,2005035,0
2185,2005035,2005036,0
2186,2005035,2005037,0
2187,2005037,2005035,0
2188,2005036,2005033,0
2189,2005033,2005036,0
2190,2005037,2005036,0
2191,2005036,2005037,0
2192,2005037,2005038,0
2193,2005038,2005037,0
2194,2005039,2005038,0
2195,2005038,2005039,0
2196,2005040,2005041,0
2197,2005041,2005040,0
2198,2005041,2005042,0
2199,2005042,2005041,0
2200,2005042,2005039,0
2201,2005039,2005042,0
2202,2005097,2005040,0
2203,2005040,2005097,0
2204,2005104,2005097,0
2205,2005097,2005104,0
2206,2005038,2005104,1
2207,2005104,2005038,0
2208,2005104,2005102,1
2209,2005102,2005104,0
2210,2005107,1662319,0
2211,1662319,2005107,0
2212,1662276,2005107,0
2213,2005107,1662276,0
2214,2005110,2005107,0
2215,2005107,2005110,0
2216,2005102,2005110,0
2217,2005110,2005102,0
2218,2005102,2005117,0
2219,2005117,2005102,0
2220,2005117,2005118,0
2221,2005118,2005117,0
2222,1679737,2005123,0
2223,2005123,2005110,0
2224,2005110,2005123,0
2225,2005123,1679737,0
2226,2005123,2005118,0
2227,2005118,2005123,0
2228,1679737,2005124,0
2229,2005124,1679737,0
2230,2005118,2005124,0
2231,2005124,2005118,0
2232,2005118,2005125,0
2233,2005125,2005118,0
2234,2005125,2005127,0
2235,2005127,2005125,0
2236,2005127,2016722,0
2237,2016722,2005127,0
2238,1662715,2005027,3
2239,2005027,1662715,0
2240,2008365,1661802,0
2241,1661802,2008365,0
2242,2008366,2008367,0
2243,2008367,2008366,1
2244,2008368,2008367,0
2245,2008367,2008368,0
2246,2008368,2008369,0
2247,2008369,2008368,0
2248,2008369,2008370,0
2249,2008370,2008369,0
2250,2008369,2008371,1
2251,2008371,2008369,0
2252,2008368,2008372,0
2253,2008372,2008368,0
2254,1661676,2008372,0
2255,2008372,1661676,0
2256,2008372,2008373,0
2257,2008373,2008372,0
2258,2008367,2008373,0
2259,2008373,2008367,0
2260,1666465,2010162,0
2261,2010162,1666589,0
2262,1666589,2010162,0
2263,2010162,1666465,0
2264,1663401,2011346,0
2265,2011346,1663401,0
2266,1666044,1666240,1
2267,1666240,1666044,0
2268,2011363,2011365,0
2269,2011365,2011363,0
2270,2011377,2004247,0
2271,2004247,2011377,0
2272,2011377,2011378,0
2273,2011378,2011377,0
2274,1663276,2011531,0
2275,2011531,1662964,8
2276,1662964,2011531,0
2277,2011531,1663276,0
2278,2005125,2011680,1
2279,2011680,2005125,0
2280,2011680,2011681,0
2281,2011681,2011680,0
2282,2011681,2011682,1
2283,2011682,2011681,0
2284,2011680,2011687,0
2285,2011687,2011680,0
2286,2011681,2011688,0
2287,2011688,2011681,0
2288,2011682,2016714,0
2289,2016714,2011682,1
2290,2011688,2016714,0
2291,2016714,2011688,0
2292,2005097,2011693,0
2293,2011693,2005097,0
2294,2011693,2011687,0
2295,2011687,2011693,0
2296,2011693,2011688,0
2297,2011688,2011693,0
2298,2005097,2011703,0
2299,2011703,2005117,0
2300,2005117,2011703,0
2301,2011703,2005097,0
2302,2011703,2011687,0
2303,2011687,2011703,0
2304,1662902,1662826,0
2305,1662826,1662902,2
2306,1662381,2011721,1
2307,2011721,1662372,2
2308,1662372,2011721,0
2309,2011721,1662381,0
2310,1662902,2011721,16
2311,2011721,1662902,0
2312,2012357,2012359,0
2313,2012359,2012357,0
2314,1679484,2012366,0
2315,1679486,1679484,0
2316,1679484,1679486,0
2317,2012366,1679484,0
2318,1679484,1679488,0
2319,1679488,1679484,0
2320,1679488,2012370,0
2321,2012370,1679488,0
2322,2012370,2012373,0
2323,2012373,2012370,0
2324,2012370,2012374,0
2325,2012374,2012370,0
2326,1662463,2013046,0
2327,2013046,1662463,0
2328,1663320,1663215,27
2329,1663215,1663320,0
2330,2005040,2016713,0
2331,2016713,2005039,0
2332,2005039,2016713,0
2333,2016713,2005040,0
2334,2016715,2016714,0
2335,2016714,2016715,0
2336,2016713,2016721,0
2337,2016721,2016714,0
2338,2016714,2016721,0
2339,2016721,2016713,0
2340,2005040,2016721,0
2341,2016721,2005040,0
2342,1661966,2016722,0
2343,2016722,1661966,0
2344,2005014,2005127,0
2345,2005127,2005014,0
2346,1666044,2020314,0
2347,2020314,1666044,0
2348,1665455,1665289,0
2349,1665289,1665455,0
2350,1663212,2020337,0
2351,2020337,1663212,0
2352,1663605,2020338,0
2353,2020338,1663605,0
2354,2176384,2011622,0
2355,2011622,2176384,14
2356,1662463,1679706,0
2357,1679706,1662463,0
2358,1661598,2013287,0
2359,2013287,1661598,0
2360,1662023,2012357,0
2361,2012357,1662023,0
2362,1668195,1668053,0
2363,1668053,1668195,0
2364,1662857,1663355,0
2365,1663355,1662857,0
2366,1662750,1662755,0
2367,1662755,1662750,3
2368,1662420,1662477,1
2369,1662477,1662420,0
2370,1662259,1662394,0
2371,1662394,1662259,0
2372,2004247,2011363,0
2373,2011363,2004247,0
2374,1662751,1662813,4
2375,1662813,1662751,11
2376,1663366,1663343,0
2377,1663343,1663366,2
2378,1662067,2012357,0
2379,2012357,1662067,0
2380,1662303,1662282,3
2381,1662282,1662303,4
2382,2005124,2016722,0
2383,2016722,2005124,0
2384,2176343,1663583,0
2385,1663583,2176343,9
2386,1662569,1662704,4
2387,1662704,1662569,8
2388,1663919,1663829,0
2389,1663829,1663919,0
2390,1661547,2013292,0
2391,2013292,1661547,0
2392,1663921,1663719,0
2393,1663719,1663921,0
2394,1679452,2011377,0
2395,2011377,1679452,0
2396,1663345,1663212,1
2397,1663212,1663345,0
2398,1662887,1662841,6
2399,1662841,1662887,0
2400,1679737,1662276,0
2401,1662276,1679737,0
2402,1661620,2013289,0
2403,2013289,1661620,0
2404,1662003,1662217,0
2405,1662217,1662003,2
2406,1679458,2011363,1
2407,2011363,1679458,0
2408,1662942,2020744,0
2409,2020744,1662942,0
2410,2020745,1662804,0
2411,1662804,2020745,0
2412,2020746,1662751,0
2413,1662751,2020746,0
2414,2020747,1663837,0
2415,1663837,2020747,0
2416,2020748,1663903,0
2417,1663903,2020748,0
2418,1663863,2020752,0
2419,2020752,1663863,0
2420,1663866,2020753,0
2421,2020753,1663866,0
2422,2020755,1664147,0
2423,1664147,2020755,0
2424,2020754,1663741,0
2425,1663741,2020754,0
2426,1662264,1662286,0
2427,1662286,1662264,2
2428,1679421,2023810,0
2429,2023810,1666509,0
2430,1666509,2023810,3
2431,2023810,1679421,1
2432,2023810,2023811,0
2433,2023811,2023810,0
2434,1667880,2023835,0
2435,2023835,1667830,0
2436,1667830,2023835,0
2437,2023835,1667880,0
2438,2023836,2023838,0
2439,2023838,2023836,0
2440,2023839,2023840,0
2441,2023840,2023839,0
2442,2023853,2023852,0
2443,2023852,2023853,0
2444,2023852,2023858,0
2445,2023858,2023852,0
2446,2023863,2023864,0
2447,2023864,2023863,0
2448,2023863,2023865,0
2449,2023865,2023863,0
2450,1677464,2023866,0
2451,2023866,1666506,0
2452,1666506,2023866,3
2453,2023866,1677464,1
2454,2023865,2023866,0
2455,2023866,2023865,0
2456,2005033,2024315,0
2457,2024315,2005030,0
2458,2005030,2024315,0
2459,2024315,2005033,0
2460,2005033,2016713,0
2461,2016713,2005033,0
2462,2024346,2024347,5
2463,2024347,2011622,4
2464,2011622,2024347,0
2465,2024347,2024346,0
2466,2182350,1662349,8
2467,1662349,2182350,0
2468,2026273,1661559,1
2469,1661559,2026273,0
2470,1661744,2026273,0
2471,2026273,1661744,0
2472,2026275,2026276,1
2473,2026276,2026275,0
2474,2026286,1661847,0
2475,1661847,2026286,0
2476,1661744,2026288,0
2477,2026288,1661744,0
2478,1661847,2026291,0
2479,2026291,1661847,0
2480,1662357,2180752,7
2481,2180752,2182350,3
2482,2182350,2180752,0
2483,2180752,1662357,0
2484,10464,2026299,0
2485,2026299,10464,0
2486,1668018,2023836,0
2487,2023836,1668018,0
2488,1679454,2023839,0
2489,2023839,1679454,0
2490,2004247,2023852,0
2491,2023852,2004247,1
2492,1665586,2023816,0
2493,2023816,1665586,0
2494,2026289,2026291,0
2495,2026291,2026289,0
2496,1665218,2030906,0
2497,2030906,1665218,0
2498,2030906,2030908,0
2499,2030908,2030906,0
2500,1667534,2030910,0
2501,2030910,1667544,0
2502,1667544,2030910,1
2503,2030910,1667534,0
2504,2030922,2030922,0
2505,1677469,2030909,0
2506,2030909,1677469,0
2507,2030910,2032361,0
2508,2032361,2030910,0
2509,1663470,2011622,0
2510,2011622,1663470,1
2511,1662946,2034246,2
2512,2034246,2034248,5
2513,2034248,2034247,6
2514,2034247,1662946,2
2515,1663215,2034269,19
2516,2034269,1679706,5
2517,1679706,2034269,0
2518,2034269,1663215,0
2519,2034246,2034269,0
2520,2034269,2034246,9
2521,2034711,2031502,0
2522,2031502,2034711,0
2523,1662440,2036953,0
2524,2036953,1662440,0
2525,1662139,2036954,0
2526,2036954,1662139,0
2527,2036955,1661988,0
2528,1661988,2036955,0
2529,2036957,2008366,0
2530,2008366,2036957,0
2531,2036956,1661974,0
2532,1661974,2036956,0
2533,1662001,2036959,0
2534,2036959,1662001,0
2535,1661978,2036958,0
2536,2036958,1661978,0
2537,2037747,1662429,0
2538,1662429,2037747,0
2539,2034269,2041314,2
2540,2041314,2034269,0
2541,1662826,2041335,0
2542,2041335,1662826,1
2543,2041335,2041354,0
2544,2041354,2041335,0
2545,2041417,2041354,0
2546,2041354,2041417,0
2547,2041335,2041417,0
2548,2041417,2041335,0
2549,2041454,2041455,2
2550,2041455,2041454,0
2551,2041455,2041456,0
2552,2041456,2041455,0
2553,2041456,2041457,0
2554,2041457,2041456,0
2555,2041456,2041459,0
2556,2041459,2041456,0
2557,1661677,2041459,0
2558,2041459,1661966,0
2559,1661966,2041459,0
2560,2041459,1661677,0
2561,2042887,1667517,0
2562,1667517,2042887,1
2563,1663083,2046614,0
2564,2046614,1663083,0
2565,1663507,1663590,1
2566,1663590,1663507,0
2567,10523,1661946,2
2568,1661946,10523,0
2569,1663106,2046634,0
2570,2046634,1663106,0
2571,2046654,2005025,0
2572,2005025,2046654,0
2573,2046715,1662945,0
2574,1662945,2046715,0
2575,1663531,2046794,0
2576,2046794,1663531,0
2577,1663587,2046795,1
2578,2046795,1663587,0
2579,2046814,1663964,0
2580,1663964,2046814,0
2581,1663815,2046815,0
2582,2046815,1663815,0
2583,2046877,1663860,0
2584,1663860,2046877,0
2585,1663860,2046876,0
2586,2046876,1663860,0
2587,2012366,2049154,0
2588,2049154,2012366,0
2589,2012373,2049155,0
2590,2049155,2012373,0
2591,2012373,2049156,0
2592,2049156,2012373,0
2593,1662412,2051615,0
2594,2051615,1662406,0
2595,1662406,2051615,0
2596,2051615,1662412,0
2597,2023839,2051634,0
2598,2051634,2023839,0
2599,2051615,2051874,0
2600,2051874,2051615,0
2601,1661949,2051875,0
2602,2051875,1661949,0
2603,1662019,2052314,0
2604,2052314,1662138,0
2605,1662138,2052314,0
2606,2052314,1662019,0
2607,1662132,2052315,0
2608,2052315,1662075,0
2609,1662075,2052315,0
2610,2052315,1662132,0
2611,2058074,2058075,0
2612,2058075,2058074,0
2613,2058075,2058076,1
2614,2058076,2058075,0
2615,2058076,2058074,0
2616,2058074,2058076,0
2617,2041417,2058074,0
2618,2058074,2041417,0
2619,2215941,1662280,0
2620,1662280,2215941,0
2621,2059734,1663464,9
2622,1663464,2059734,0
2623,2059734,2059735,0
2624,2059735,2059734,0
2625,1662491,1662513,0
2626,1662513,1662491,2
2627,1662561,2067159,0
2628,2067159,1662561,0
2629,1662698,2067160,0
2630,2067160,1662698,0
2631,1662477,2067158,0
2632,2067158,1662477,0
2633,1663973,2067156,0
2634,2067156,1663973,0
2635,2023853,2070457,0
2636,2070457,2023853,0
2637,1676929,2082175,0
2638,2082175,2010162,0
2639,2010162,2082175,0
2640,2082175,1676929,0
2641,2082175,2082176,0
2642,2082176,2082175,0
2643,1666587,1666593,0
2644,1666593,1666587,0
2645,2041354,2082274,0
2646,2082274,2041354,0
2647,2058076,2097714,0
2648,2097714,2082274,2
2649,2082274,2097714,0
2650,2097714,2058076,0
2651,2082274,2097715,0
2652,2097715,2082274,0
2653,1661668,2114954,0
2654,2114954,1661668,2
2655,2114954,2114975,0
2656,2114975,2114954,0
2657,2114975,2115036,0
2658,2115036,2114975,0
2659,2115036,2115078,1
2660,2115078,2115036,0
2661,2116934,1666385,0
2662,1666385,2116934,0
2663,1679419,2113316,0
2664,2113316,1679419,0
2665,2023865,2113314,0
2666,2113314,2023865,0
2667,2115078,2120494,0
2668,2120494,2115078,0
2669,2041455,2120514,0
2670,2120514,2041455,0
2671,2041455,2120534,0
2672,2120534,2041455,0
2673,2129751,2129941,0
2674,2129941,2129751,0
2675,2129741,2129941,0
2676,2129941,2129741,0
2677,2136381,2131922,0
2678,2131922,2136381,0
2679,2131984,2131986,0
2680,2131986,2131984,0
2681,2131986,2132001,0
2682,2132001,2131986,0
2683,1661878,1661882,0
2684,1661882,1661878,0
2685,1662290,1661878,0
2686,1661878,1662290,10
2687,2132724,2024139,0
2688,2024139,2132724,0
2689,2120534,2129741,1
2690,2129741,2120534,0
2691,2120534,2129751,0
2692,2129751,2120534,0
2693,2113316,2131984,0
2694,2131984,2113316,0
2695,2136381,2136382,0
2696,2136382,2136381,0
2697,2136382,2136383,0
2698,2136383,2136382,0
2699,1666938,2136381,0
2700,2136381,1666938,0
2701,1679415,2131984,0
2702,2131984,1679415,0
2703,1665653,2131986,0
2704,2131986,1665653,0
2705,10695,2113335,1
2706,2113335,10695,0
2707,2023864,2132061,0
2708,2132061,2023864,0
2709,1665652,1679415,0
2710,1679415,1665652,0
2711,1679419,1679415,0
2712,1679415,1679419,1
2713,1663464,2155563,0
2714,2155563,1663588,0
2715,1663588,2155563,0
2716,2155563,1663464,0
2717,2156701,2156702,0
2718,2156702,2156701,0
2719,2156702,2156721,0
2720,2156721,2156702,0
2721,2156721,2156722,0
2722,2156722,2156721,0
2723,2156702,2156722,2
2724,2156722,2156702,0
2725,2120494,2156722,0
2726,2156722,2120494,0
2727,2120494,2156741,0
2728,2156741,2120494,0
2729,2156763,2156781,0
2730,2156781,2156763,0
2731,2156781,2156782,0
2732,2156782,2156781,0
2733,1661556,2156821,0
2734,2156821,2041454,0
2735,2041454,2156821,0
2736,2156821,1661556,1
2737,2156781,2156821,0
2738,2156821,2156781,0
2739,2157021,2157021,0
2740,2114954,2156701,0
2741,2156701,2114954,0
2742,2114975,2156702,0
2743,2156702,2114975,0
2744,2115078,2156721,0
2745,2156721,2115078,0
2746,2115036,2156741,0
2747,2156741,2115036,0
2748,2129741,2156763,0
2749,2156763,2129741,0
2750,2129941,2156782,0
2751,2156782,2129941,0
2752,2129751,2157021,0
2753,2157021,2129751,0
2754,1662349,2157102,1
2755,2157102,1662349,0
2756,1662192,1662201,1
2757,1662201,1662192,0
2758,1662201,1662209,2
2759,1662209,1662201,0
2760,1662209,1662225,2
2761,1662225,1662209,0
2762,1662225,1662251,3
2763,1662251,1662225,0
2764,1662251,1662280,4
2765,1662280,1662251,0
2766,1662280,1662307,6
2767,1662307,1662280,0
2768,1662307,1662353,0
2769,1662353,1662307,0
2770,1662433,1662482,5
2771,1662482,1662433,0
2772,10668,1663464,4
2773,1663464,10668,0
2774,1663464,1663569,4
2775,1663569,1663464,0
2776,10698,10695,3
2777,10695,10698,0
2778,10695,10691,3
2779,10691,10695,0
2780,10691,1663401,5
2781,1663401,10691,0
2782,1663401,1663394,2
2783,1663394,1663401,0
2784,1663394,1663378,4
2785,1663378,1663394,0
2786,1663358,2176343,4
2787,2176343,1663358,0
2788,1663345,1663358,13
2789,1663320,2176384,4
2790,2176384,1663320,0
2791,2176406,1663327,17
2792,2176406,1663329,0
2793,1663329,2176407,1
2794,2176407,1663328,2
2795,2176407,15381,12
2796,15381,2176544,0
2797,2176544,1663087,1
2798,2026253,2176582,9
2799,1663328,2176582,10
2800,2176608,2176609,6
2801,2176609,2176642,5
2802,2176642,2176544,1
2803,2176544,15381,1
2804,2176608,1663087,10
2805,2176609,2034248,5
2806,2180634,2180701,1
2807,2180701,2217756,3
2808,2026279,2026280,1
2809,2026262,2026263,1
2810,2026279,2180748,2
2811,2180748,2180750,8
2812,2026262,2182348,2
2813,2182348,2182349,4
2814,2216703,1662433,10
2815,1662433,2216703,0
2816,1663439,1663611,0
2817,1663611,1663439,1
2818,1663611,1663661,0
2819,1663661,1663611,0
2820,1666506,2204544,0
2821,2204544,1679421,0
2822,1679421,2204544,6
2823,2204544,1666506,2
2824,2023864,2204561,0
2825,2204561,2113316,0
2826,2113316,2204561,0
2827,2204561,2023864,0
2828,2204561,2204562,0
2829,2204562,2204561,0
2830,2204563,2204581,0
2831,2204581,2204563,0
2832,2204563,2204582,0
2833,2204582,2204563,0
2834,2204582,2204584,0
2835,2204584,2204582,0
2836,2204585,1668439,0
2837,1668439,2204585,0
2838,2204582,2204585,0
2839,2204585,2204582,0
2840,2212301,2212302,1
2841,2212302,2212301,0
2842,2212302,2212303,0
2843,2212303,2212302,0
2844,2212303,2212306,0
2845,2212306,2212303,0
2846,2215504,2215505,0
2847,2215505,2215504,0
2848,2132061,2215504,0
2849,2215504,2132061,0
2850,2023836,2204563,0
2851,2204563,2023836,0
2852,2156722,2212301,1
2853,2212301,2156722,0
2854,2156741,2212301,1
2855,2212301,2156741,0
2856,1662201,2215941,0
2857,2215941,1662201,0
2858,1662430,2216703,11
2859,2216703,1662430,0
2860,1662353,2216703,3
2861,2216703,1662353,0
2862,1662252,2216703,0
2863,2216703,1662252,3
2864,2217756,2026275,0
2865,2026275,2217756,0
2866,2026273,2217756,1
2867,2217756,2026273,0
2868,2213962,2246581,0
2869,2246581,2213962,0
2870,2212303,2243561,0
2871,2243561,2212303,1
2872,2212302,2243561,1
2873,2243561,2212302,0
2874,2212301,2243561,1
2875,2243561,2212301,0
2876,1661959,2252501,0
2877,2252501,1662093,0
2878,1662093,2252501,0
2879,2252501,1661959,2
2880,2270085,1661973,0
2881,1661973,2270085,0
2882,1661973,2270162,0
2883,2270162,1661973,0
2884,2270162,2270164,0
2885,2270164,2270162,0
2886,2270164,2270165,0
2887,2270165,2270164,0
2888,2270164,2270181,0
2889,2270181,2270164,0
2890,1667529,2270241,0
2891,2270241,2204585,0
2892,2204585,2270241,0
2893,2270241,1667529,0
2894,2270241,2270242,0
2895,2270242,2270241,0
2896,2270242,2270243,0
2897,2270243,2270242,0
2898,2270242,2270244,0
2899,2270244,2270242,0
2900,1662235,2272849,0
2901,2272849,1662235,0
2902,2272850,2272854,0
2903,2272854,2272850,0
2904,2272854,2272856,0
2905,2272856,2272854,0
2906,2272854,2272857,0
2907,2272857,2272854,0
2908,2272857,2272858,0
2909,2272858,2272857,0
2910,2272857,2272859,0
2911,2272859,2272857,0
2912,2272857,2272861,0
2913,2272861,2272857,0
2914,1661949,2016058,0
2915,2016058,1661949,0
2916,1661949,2270085,0
2917,2270085,1661949,0
2918,2215504,2270201,0
2919,2270201,2215504,0
2920,2132061,2270201,0
2921,2270201,2132061,0
2922,1663862,2024346,15
2923,2024346,1663862,0
2924,2041417,2097714,0
2925,2097714,2041417,0
2926,2252501,2272850,0
2927,2272850,2252501,0
2928,1661833,10492,6
2929,10492,1661833,0
2930,1662064,10503,3
2931,10503,1662064,0
2932,2026332,2180633,1
2933,2180634,2026268,4
2934,1662482,1662528,1
2935,1662528,1662482,0
2936,1662528,10668,13
2937,10668,1662528,0
2938,1663569,10698,6
2939,10698,1663569,0
2940,1663378,2176343,8
2941,1663358,1663378,3
2942,1666506,2156912,5
2943,2156912,1666506,0
2944,2290837,2176407,3
2945,1663327,2290838,6
2946,2290837,2290838,0
2947,2290838,2290837,0
2948,2290838,2290839,2
2949,2290839,1663320,8
2950,2176384,2290840,2
2951,2290840,2290837,5
2952,2290840,2290839,0
2953,2290839,2290840,0
2954,2176343,2290881,6
2955,2290881,2176384,21
2956,1663320,2290882,1
2957,2290882,1663345,0
2958,2290881,2290882,0
2959,2290882,2290881,0
2960,1662811,2030922,0
2961,2030922,1662811,0
2962,1663343,2296035,0
2963,2296035,1663343,1
2964,1663516,2296035,0
2965,2296035,1663516,0
2966,1663661,2299535,4
2967,2299535,1663661,2
2968,1664483,2303275,0
2969,2303275,1678985,0
2970,1678985,2303275,0
2971,2303275,1664483,0
2972,1665113,2304217,0
2973,2304217,1664797,0
2974,1664797,2304217,0
2975,2304217,1665113,0
2976,1679421,2304235,0
2977,2304235,1679421,0
2978,2304235,2304237,0
2979,2304237,2304235,0
2980,2304235,2304238,0
2981,2304238,2304235,0
2982,2136383,2304235,0
2983,2304235,2136383,0
2984,2304255,2304256,0
2985,2304256,2304255,0
2986,2304256,2304257,0
2987,2304257,2304256,0
2988,2304257,2304258,0
2989,2304258,2304257,0
2990,2304258,2304259,0
2991,2304259,2304258,0
2992,2304258,2304260,0
2993,2304260,2304258,0
2994,2304257,2304261,0
2995,2304261,2304257,0
2996,2304262,1666737,0
2997,1666737,2304262,0
2998,2304262,2304263,0
2999,2304263,2304262,0
3000,1667291,2304263,0
3001,2304263,1667291,0
3002,1667532,2304295,0
3003,2304295,1667532,0
3004,1667108,2304295,0
3005,2304295,1667108,0
3006,1667108,2304296,0
3007,2304296,1667108,0
3008,2304296,2304297,0
3009,2304297,2304296,0
3010,2304296,2304315,1
3011,2304315,1667202,0
3012,1667202,2304315,0
3013,2304315,2304296,0
3014,2304316,2304256,0
3015,2304256,2304316,0
3016,2304316,2304317,0
3017,2304317,2304316,0
3018,1667534,2304337,0
3019,2304337,1667534,0
3020,2304337,2304338,0
3021,2304338,2304337,0
3022,2304337,2304339,0
3023,2304339,2304337,0
3024,2304295,2304297,0
3025,2304297,2304295,0
3026,1667203,2304316,0
3027,2304316,1667203,0
3028,2304316,2306975,0
3029,2306975,2304316,0
3030,2307015,2307016,0
3031,2307016,2307015,0
3032,2307016,2304255,0
3033,2304255,2307016,0
3034,2304255,2304315,0
3035,2304315,2304255,0
3036,2136382,2304255,0
3037,2304255,2136382,0
3038,1667066,2307015,0
3039,2307015,1667066,0
3040,2304217,2307063,0
3041,2307063,2304217,0
3042,2307063,2307064,0
3043,2307064,2307063,0
3044,1665113,1665116,0
3045,1665116,1665113,0
3046,1664797,2307115,0
3047,2307115,1664563,0
3048,1664563,2307115,0
3049,2307115,1664797,0
3050,1661746,1661526,0
3051,1661526,1661746,0
3052,2176642,2312017,9
3053,2312017,1663328,22
3054,15377,2312116,0
3055,2312116,2182527,4
3056,2182353,2312117,1
3057,2312117,15378,2
3058,15378,2312118,0
3059,2312118,2182518,1
3060,2182528,2312119,4
3061,2312119,15377,1
3062,2312125,2182701,0
3063,2180748,2312956,0
3064,2312956,2180752,0
3065,2180752,2312957,0
3066,2312957,2026280,4
3067,2182348,2312958,0
3068,2312958,2182350,0
3069,2182350,2312959,0
3070,2312959,2026263,2
3071,2026275,2312960,0
3072,2312960,2026268,0
3073,2180701,2312961,0
3074,2312961,2026275,0
3075,2026332,2312962,0
3076,2312962,2026276,0
3077,2026276,2312963,0
3078,2312963,2180633,1
3079,2182524,2314835,0
3080,2314835,2182528,0
3081,2182353,2314836,11
3082,2314836,2182518,0
3083,2314835,2314836,0
3084,2314836,2314835,0
3085,1663329,1663327,0
3086,1662177,10503,2
3087,10503,1662177,0
3088,1663087,2026262,2
3089,2026263,2180634,3
3090,2180633,2026279,4
3091,2026280,2026253,7
3092,2026253,2176406,4
3093,2176582,2182353,0
3094,2182527,2176608,2
3095,2182528,2182527,0
3096,1667520,2332015,0
3097,2332015,1667529,0
3098,1667529,2332015,0
3099,2332015,1667520,1
3100,1664486,2332124,0
3101,2332124,1664489,0
3102,1664489,2332124,1
3103,2332124,1664486,0
3104,2332125,1665132,0
3105,1665132,2332125,1
3106,1666240,1666112,0
3107,1666112,1666240,0
3108,2030906,1665466,0
3109,1665466,2030906,0
3110,2023863,1677469,0
3111,1677469,2023863,0
3112,1662247,2270162,0
3113,2270162,1662247,0
3114,1662404,2059734,0
3115,2059734,1662404,0
3116,1662374,1662538,0
3117,1662538,1662374,0
3118,1662538,1662811,0
3119,1662811,1662538,0
3120,1661802,2008366,0
3121,2008366,1661802,0
3122,1661551,1661549,0
3123,1661549,1661551,0
3124,1679723,2016715,0
3125,2016715,1679723,0
3126,1663276,1663210,1
3127,1663210,1663276,0
3128,1661558,1661551,0
3129,1661551,1661558,0
3130,2016715,2005025,0
3131,2005025,2016715,0
