,FROM,TO,TIME
0,1661200,1660820,116.17142857142858
1,1661678,1661705,6.32
2,1661704,1661705,10.56
3,1661723,1661697,23.24
4,1661705,1661723,10.56
5,1661705,1661739,8.44
6,1661754,1661704,23.24
7,1661754,1661746,10.56
8,1661704,1661767,19.0
9,1661723,1661768,16.88
10,1661769,1661768,10.56
11,1661767,1661769,12.68
12,1661794,1661754,12.68
13,1661794,1661795,6.32
14,1661805,1661746,21.12
15,1661834,1661794,16.88
16,1661767,1661834,35.92
17,1661836,1661774,29.56
18,1661867,1661836,8.44
19,1661868,1661867,14.8
20,1661825,1661869,14.8
21,1661869,1661868,19.0
22,1661880,1661869,21.12
23,10464,1661744,31.666666666666668
24,1661884,1661805,29.56
25,1661884,1661880,27.44
26,1661768,1661878,35.92
27,1661887,1661805,29.56
28,1661887,1661884,19.0
29,1661882,1661769,35.92
30,1661886,1661834,12.68
31,1661886,1661887,14.8
32,1661882,1661886,17.6
33,1661851,1661837,6.6
34,1661851,1661838,14.525
35,1661936,1661868,12.68
36,1661936,1661939,14.8
37,1661939,1661867,14.8
38,1661869,1661942,10.56
39,1661942,1661936,21.12
40,1661838,1661879,6.6
41,1661908,1661906,1.5142857142857142
42,1661942,1661950,2.12
43,1661880,1661959,27.44
44,1661959,1661950,16.88
45,1661904,1661851,6.6
46,1661907,1661904,6.6
47,1661952,1661940,21.11111111111111
48,1661801,1661952,36.37777777777778
49,1661993,1661951,8.44
50,1661908,1661946,54.31428571428572
51,1661945,1661908,6.0285714285714285
52,1662004,1661936,12.68
53,1661950,1662004,29.56
54,1661965,1661945,25.65714285714286
55,1662019,1661927,21.12
56,1661966,1661970,4.514285714285714
57,1661970,1661965,4.514285714285714
58,1662023,1662019,6.32
59,1661969,1661904,11.875
60,1662036,1661993,14.8
61,1661978,1661974,7.925
62,1661974,1661977,3.95
63,1661984,1661978,6.6
64,1661974,1661984,44.875
65,1661879,1661988,13.2
66,1661988,1661987,2.65
67,1662008,1661997,13.571428571428571
68,1661945,1662008,9.057142857142857
69,1662004,1662055,21.12
70,1662055,1662053,19.0
71,1661970,1662011,6.0285714285714285
72,1662000,1661984,5.275
73,1662001,1662000,8.44
74,1662003,1662001,7.033333333333333
75,1661907,1662003,11.875
76,1662070,1662023,10.56
77,1662062,1661940,15.244444444444444
78,1661952,1662062,33.0
79,1662075,1662070,12.68
80,1662068,1662016,10.55
81,1662042,1661969,10.55
82,1662040,1662042,7.925
83,1662044,1662040,7.925
84,1661988,1662044,9.25
85,1662055,1662096,14.8
86,1662093,1662096,23.24
87,1662096,1662098,8.44
88,1662098,1661939,38.0
89,1662118,1661897,50.68
90,1662117,1662057,14.8
91,1662118,1662117,12.68
92,1662119,1662054,14.8
93,1662117,1662119,12.68
94,1662066,1661965,24.142857142857142
95,1662113,1661993,31.68
96,1661940,1662068,44.875
97,1662129,1662039,19.0
98,1662119,1662129,12.68
99,1662129,1662138,14.8
100,1662141,1662091,10.56
101,1662141,1662113,8.44
102,1662149,1662070,14.8
103,1662138,1662149,12.68
104,1662147,1662113,14.8
105,1662008,1662088,12.057142857142857
106,1662088,1662090,10.571428571428571
107,1662154,1662075,16.88
108,1662149,1662154,12.68
109,1662085,1662042,7.925
110,1662176,1661793,156.63333333333333
111,1661969,1662085,35.65
112,1662121,10503,8.44
113,1661949,1662145,27.725
114,1662164,1662132,14.8
115,1662154,1662164,6.32
116,1662161,1662098,12.68
117,1662093,1662165,14.8
118,1662161,1662165,16.88
119,1662178,1662118,12.68
120,1662179,1662117,12.68
121,1662179,1662178,11.527272727272727
122,1662181,1662119,12.68
123,1662181,1662179,11.527272727272727
124,1662183,1662129,12.68
125,1662183,1662181,12.68
126,1662148,1662088,7.542857142857143
127,1662138,1662192,12.68
128,1662192,1662183,11.527272727272727
129,1662085,1662139,7.925
130,1662201,1662149,12.68
131,1662068,1662185,30.35
132,1662187,1662062,17.15
133,1662185,1662187,14.525
134,1662206,1662181,8.44
135,1662209,1662154,10.56
136,1662208,1662132,27.44
137,1662139,1662166,6.6
138,1662044,1662166,17.15
139,1662225,1662164,12.68
140,1662186,1662090,13.571428571428571
141,1662191,1662186,9.057142857142857
142,1662239,1662208,10.56
143,1662164,1662239,25.36
144,1662244,1662161,38.0
145,1662251,1662239,6.32
146,1662165,1662252,27.44
147,1662252,1662161,23.24
148,1662224,1662186,6.0285714285714285
149,1662090,1662224,19.8
150,1662220,1662217,22.45
151,1662166,1662220,7.925
152,1662187,1662270,21.125
153,1662270,1662246,13.2
154,10503,1662309,26.4
155,1662185,1662281,15.85
156,1661833,1662337,89.76666666666667
157,1662337,1662176,72.16666666666667
158,1662320,1662309,23.24
159,1662227,1662254,6.6
160,1662224,1662254,14.525
161,1662259,1662224,7.925
162,1662230,1662259,10.55
163,1662281,1662313,6.6
164,1662314,1662305,9.25
165,1662314,1662241,9.25
166,1662351,1662320,42.24
167,1661743,1662385,227.03333333333333
168,1662365,1662337,89.76666666666667
169,1662291,1662276,9.25
170,1662242,1662291,6.6
171,1662293,1662291,9.25
172,1662238,1662293,7.925
173,1662254,1662293,15.85
174,1662353,1662244,31.68
175,1662324,1662314,14.066666666666666
176,1662281,1662324,5.275
177,1662343,1662187,21.125
178,1662343,1662270,15.85
179,1662362,1662351,25.36
180,1662230,1662308,10.55
181,1662217,1662303,10.55
182,1662349,10523,44.06956521739131
183,10523,1662358,28.285714285714285
184,1662382,1662381,32.373333333333335
185,1662386,1662382,35.65
186,1662388,1662386,11.875
187,1662290,1662407,48.85
188,1662409,1662343,9.25
189,1662409,1662411,22.45
190,1662324,1662410,9.25
191,1662411,1662410,6.6
192,1662406,1662342,12.333333333333334
193,1662406,1662404,5.275
194,1662404,1662403,22.45
195,1662430,1662362,58.06666666666667
196,1662358,1662394,15.345454545454546
197,1662303,1662416,31.908396946564885
198,1662416,1662220,23.75
199,1662482,1662252,46.48
200,1662459,1662388,10.55
201,1662459,1662466,5.275
202,1662358,1662453,11.875
203,1662416,1662439,10.566666666666666
204,1662429,1662440,6.6
205,1662457,1662453,9.25
206,1662399,1662465,9.25
207,1662394,1662465,25.704347826086956
208,1662439,1662460,5.266666666666667
209,1662460,1662437,6.6
210,1662503,1662459,7.925
211,1662503,1662427,21.125
212,1662528,1662513,6.32
213,1662440,1662486,13.2
214,1662465,1662506,7.925
215,1662457,1662506,14.525
216,1662351,1662555,46.48
217,1662465,1662509,13.058823529411764
218,1662510,1662514,48.56
219,1662349,1662514,31.666666666666668
220,1662512,1662457,9.25
221,1662362,1662565,44.36
222,1662555,1662565,16.88
223,1662382,1662534,25.075
224,1662534,1662432,15.85
225,1662556,1662503,7.925
226,1662320,1662602,61.24
227,1662411,1662574,25.075
228,1662602,1662615,10.56
229,1662635,1662606,8.44
230,1662602,1662635,4.24
231,1662506,1662563,11.875
232,1662536,1662569,8.44
233,1662589,1662521,7.925
234,1662563,1662589,7.925
235,1662589,1662596,6.6
236,1662453,1662596,33.8
237,1662439,1662582,29.05
238,1662407,1662409,75.25
239,1662555,1662682,23.24
240,1662653,1662556,9.25
241,1662604,1662591,5.275
242,1662569,1662604,5.266666666666667
243,1662563,1662625,19.8
244,1662582,1662631,6.6
245,1662635,1662699,14.8
246,1662556,1662672,22.45
247,1662699,1662722,4.24
248,1662707,1662674,7.033333333333333
249,1662710,1662709,7.033333333333333
250,1662707,1662710,12.333333333333334
251,1662713,1662707,21.133333333333333
252,1662653,1662691,10.55
253,1662679,1662589,7.925
254,1662534,1662701,19.8
255,1662604,1662681,6.6
256,1662565,1662736,31.68
257,1662701,1662696,7.925
258,1662625,1662694,7.925
259,1662694,1662679,25.075
260,1662721,1662653,10.55
261,1662698,1662694,3.95
262,1662509,1662715,48.0
263,1662701,1662734,6.6
264,1662596,1662731,15.85
265,1662679,1662732,7.925
266,1662731,1662732,7.925
267,1662735,1662731,12.68
268,1662453,1662735,67.6
269,1662725,1662728,5.275
270,1662681,1662728,7.925
271,1662750,1662735,17.15
272,1662728,1662738,10.55
273,1662681,1662738,15.85
274,1662764,1662721,7.925
275,1662752,1662715,12.68
276,1662514,1662755,44.36
277,1662694,1662753,10.56
278,1662732,1662753,42.24
279,1662738,1662749,5.275
280,1662704,1662749,9.25
281,1662704,1662751,14.678260869565218
282,1662751,1662638,19.8
283,1662756,1662698,15.85
284,1662753,1662756,23.24
285,1662756,1662752,14.8
286,1662749,1662769,5.275
287,1662728,1662771,6.6
288,1662722,1662823,31.68
289,1662734,1662764,35.65
290,1662710,1662815,24.633333333333333
291,1662715,1662794,32.654545454545456
292,1662806,1662764,18.475
293,1662755,1662812,10.55
294,1662826,1662778,11.733333333333333
295,1662381,1662826,91.70526315789475
296,1662752,1662816,33.8
297,1662734,1662839,26.4
298,1662794,1662835,30.440993788819874
299,1662837,1662813,16.964285714285715
300,1662843,1662837,11.875
301,1662835,1662843,23.381560283687946
302,1662899,1662860,6.6
303,1662902,1662899,26.4
304,1662813,1662887,17.6
305,1662899,1662901,7.925
306,1662914,1662835,20.114285714285714
307,1662914,1662922,9.25
308,1662843,1662933,24.152380952380952
309,1662922,1662933,7.925
310,1662964,1662902,12.333333333333334
311,1662933,1662944,16.88
312,1662942,1662957,9.25
313,1662961,1662914,6.6
314,1662961,1662942,19.0
315,1662957,1662967,7.925
316,1662943,1662967,2.65
317,1663012,1662909,15.85
318,1663012,1663013,3.95
319,1663014,1663012,12.68
320,1663014,2034247,20.114285714285714
321,1663010,1662961,7.925
322,1663062,1662707,88.0
323,1663010,1663032,48.56
324,1662967,1663032,21.12
325,1663086,1662975,33.43333333333333
326,1663062,1663086,14.066666666666666
327,1662887,1663059,31.666666666666668
328,1663072,1663010,10.56
329,1663076,1663079,29.56
330,1662945,1663079,38.0
331,1663032,1663078,6.6
332,1663078,1663076,25.075
333,1663072,1663081,31.68
334,1663081,1663078,7.925
335,1663083,1663072,14.8
336,1662933,1663090,34.20952380952381
337,1663090,1663083,7.925
338,1663059,1663090,54.92
339,1663106,1663014,16.88
340,1663081,1663133,7.925
341,1663139,1663076,9.25
342,1663144,1663139,25.36
343,1663079,1663144,14.8
344,1663078,1663143,7.925
345,1663139,1663143,25.075
346,1663149,1663144,27.44
347,1663079,1663149,46.651162790697676
348,1663133,1663151,3.95
349,1663160,1663012,27.44
350,1663164,1663160,7.925
351,1663164,1663106,12.68
352,1663126,1663162,5.275
353,1663133,1663162,3.95
354,1663180,1662964,78.16
355,1663210,1662899,65.48
356,1663212,1663210,30.35
357,1663203,1663139,7.925
358,1663203,1663208,27.44
359,1663144,1663208,12.68
360,1663143,1663207,6.6
361,1663208,1663218,18.475
362,1663149,1663218,7.925
363,1663218,1663224,16.88
364,1663160,1663224,31.68
365,1663162,1663216,7.925
366,1663216,1663207,29.56
367,1663224,1663227,13.2
368,1663227,1663160,7.925
369,1663227,1663229,6.6
370,1663229,1663164,7.925
371,1663228,1663072,35.2
372,1663216,1663228,6.6
373,10668,1663062,58.06666666666667
374,1662430,1663343,172.46666666666667
375,1663291,1663203,11.875
376,1663294,1663291,25.40740740740741
377,1663208,1663294,19.0
378,1663291,1663292,26.87272727272727
379,1663292,1663293,6.6
380,1663294,1663299,17.15
381,1663218,1663299,11.875
382,1663299,1663301,11.875
383,1663224,1663301,10.55
384,1663366,10668,5.275
385,1663301,1663314,22.45
386,1663314,1663229,18.333333333333336
387,1663314,1663319,7.925
388,1663319,15381,9.25
389,1663276,1663358,8.8
390,1663059,1663352,52.8
391,1663351,1663352,25.725
392,1663361,1663351,31.675
393,1663352,1663355,23.24
394,1663378,1663308,7.925
395,1663372,1663291,7.925
396,1663361,1663374,11.875
397,1663344,1663374,7.672727272727273
398,1663375,1663292,14.8
399,1663375,1663372,18.475
400,1663372,1663377,33.0
401,1663299,1663377,14.8
402,1663377,1663383,11.875
403,1663301,1663383,9.25
404,1663383,1663390,21.125
405,1663390,1663314,10.057142857142857
406,1663390,1663395,7.925
407,1663319,1663395,12.076190476190476
408,1663422,1663390,6.32
409,1663395,1663422,10.55
410,1663374,1663430,15.345454545454546
411,1663438,1663361,19.0
412,1663439,1663351,11.875
413,1663439,1663438,23.75
414,1663444,1663372,7.925
415,1663352,1663440,9.25
416,1663440,1663439,18.475
417,1663444,1663446,7.925
418,1663450,1663444,23.75
419,1663449,1663375,7.925
420,1663446,1663449,16.88
421,1663452,1663450,14.8
422,1663377,1663452,9.25
423,1663383,1663455,9.25
424,1663422,1663455,36.976470588235294
425,1663455,1663452,11.875
426,1663549,1662365,223.53333333333333
427,1663449,1663472,10.55
428,1663507,1663422,6.6
429,1663498,1663507,7.925
430,1663510,1663498,48.56
431,1663355,1663492,17.15
432,1663430,1663508,10.55
433,1663508,1663375,33.0
434,1663438,1663515,16.88
435,1663430,1663515,19.2
436,1663508,1663553,14.8
437,1663472,1663553,13.2
438,1663563,1663498,7.925
439,1663440,1663570,15.85
440,1663578,1663449,15.85
441,1663577,1663472,13.2
442,1663578,1663577,12.68
443,1663579,1663578,7.925
444,1663446,1663579,15.85
445,1663581,1663579,9.25
446,1663581,1663444,15.85
447,1663584,1663581,35.92
448,1663587,1663584,5.275
449,1663590,1663587,27.44
450,1663601,1663507,19.0
451,1663601,1663590,19.8
452,1663553,1663603,7.925
453,1663577,1663603,7.925
454,1663489,1663611,21.125
455,1663603,1663647,7.925
456,1663652,1663581,9.25
457,1663510,1663665,31.68
458,1663603,1663663,9.25
459,1663663,1663640,3.95
460,1663515,1663661,35.2
461,1663668,1663601,7.925
462,1663665,1663678,3.95
463,1663675,1663578,18.475
464,1663675,1663652,5.275
465,1663688,1663508,30.35
466,1663569,1663739,29.05
467,1663688,1663722,7.925
468,1663553,1663722,26.4
469,1663665,1663729,7.925
470,1663663,1663737,23.24
471,1663737,1663675,23.24
472,1663729,1663759,7.925
473,1663722,1663745,9.25
474,1663647,1663745,17.15
475,1663721,1663762,10.55
476,1663777,1663741,9.25
477,1663777,1663685,10.55
478,1663793,1663647,22.45
479,1663793,1663737,7.925
480,1663836,1663794,10.566666666666666
481,1663836,1663739,40.46666666666667
482,1663745,1663815,10.55
483,1663818,1663652,28.8
484,1663830,1663777,16.88
485,1663762,1663830,11.875
486,1663823,1663736,6.6
487,1663837,1663793,9.25
488,1663729,1663851,13.2
489,1663843,1663823,5.275
490,1663843,1663688,18.475
491,1663851,15377,5.275
492,1663850,1663844,7.925
493,1663755,1663850,10.55
494,1663815,1663837,11.875
495,1663888,1663836,10.566666666666666
496,15378,1663861,17.15
497,1663722,1663843,22.45
498,1663861,1663862,15.85
499,1663863,1663850,7.925
500,1663866,1663863,9.25
501,1663830,1663866,19.8
502,1663921,1663366,95.03333333333333
503,1663745,1663876,13.2
504,1663570,1663873,45.766666666666666
505,1663860,1663836,47.53333333333333
506,1663903,1663843,9.25
507,1663851,1663919,9.25
508,1663844,1663916,10.55
509,10698,1663943,63.371428571428574
510,1663943,1663938,88.0
511,1663549,1663992,52.8
512,1663916,1663949,38.275
513,1663949,1663926,2.65
514,1663972,1663819,22.45
515,1663919,1663972,9.25
516,1663968,1663818,54.92
517,1663981,1663862,22.05217391304348
518,1663980,1663830,31.68
519,1663983,1663968,6.6
520,1663998,1663949,6.6
521,1663998,1663980,10.55
522,1664002,1663980,6.6
523,1664009,1664002,7.925
524,1663972,1664009,8.44
525,1664019,1663861,29.178947368421053
526,1663981,1664019,19.8
527,1664013,1663818,38.57692307692308
528,1664021,1664013,25.36
529,1663973,1664021,19.8
530,1664017,1663903,26.4
531,1664025,1663983,7.925
532,1664017,1664038,3.95
533,1664038,1664051,14.8
534,1664026,1664051,3.95
535,1664065,1664002,7.925
536,1664069,1664021,6.6
537,1663968,1664064,23.75
538,1664051,1664063,7.925
539,1664032,1664063,3.95
540,1663983,1664078,17.15
541,1664062,1664082,3.95
542,1664038,1664079,5.275
543,1664167,1663549,119.66666666666667
544,1664174,1664167,135.53333333333333
545,1664125,1664122,9.25
546,1664064,1664126,9.25
547,1664126,1664114,5.275
548,1664063,1664137,19.8
549,1664137,1664082,9.25
550,1664082,1664025,34.325
551,1664009,1664147,21.125
552,1664148,1664125,14.525
553,1664128,1664148,6.6
554,1664157,1664125,6.6
555,1664093,1664159,14.525
556,1664159,1664122,10.56
557,1664121,1664155,3.95
558,1664064,1664155,19.8
559,1664163,1664126,7.925
560,1664051,1664165,15.85
561,1663916,1664185,43.55
562,1664147,1664190,6.6
563,1664155,1664199,3.95
564,1664208,1664159,9.25
565,1664204,1664163,7.925
566,1664159,1664228,13.2
567,1664237,1664148,11.875
568,1664170,1664247,7.925
569,1664190,1664247,21.12
570,1664247,1664237,5.275
571,1664248,1664163,13.2
572,1664148,1664256,14.525
573,1664255,1664013,31.675
574,1664266,1664248,3.95
575,1664271,1664137,25.075
576,1664155,1664271,18.475
577,1664291,1664237,7.925
578,1664247,1664295,5.275
579,1664271,1664290,29.56
580,1664290,1664248,6.6
581,1664328,1664255,16.076190476190476
582,1664344,1664301,11.875
583,1664344,1664271,10.55
584,1664290,1664349,11.875
585,1664190,1664359,19.8
586,1664355,1664290,7.925
587,1664349,1664378,3.95
588,1664328,1664378,9.25
589,1664355,1664391,13.2
590,1664137,1664344,47.525
591,1664378,1664414,10.55
592,1663739,1664487,105.1090909090909
593,1664213,1664467,30.35
594,1663943,1664489,87.48571428571428
595,1664486,1664294,18.77777777777778
596,1664487,1664202,186.56666666666666
597,1664482,1664355,27.44
598,1664202,1664609,70.4
599,1664174,1664709,98.56666666666666
600,1664487,1664738,84.46666666666667
601,1664738,1664742,38.733333333333334
602,1664797,1664605,45.766666666666666
603,1665038,10787,151.36666666666667
604,1665100,1664167,161.93333333333334
605,1664738,1665120,51.03333333333333
606,1665116,1665118,8.8
607,1665118,1664999,15.833333333333334
608,1665118,1665120,33.43333333333333
609,1665114,1665113,22.866666666666667
610,1665090,1665091,9.377777777777778
611,1664489,1665133,76.94285714285714
612,1665132,1665133,29.333333333333332
613,1665297,1665299,15.833333333333334
614,1665330,1665091,19.955555555555556
615,1665410,1665116,36.96666666666667
616,1665297,1665444,17.6
617,1665482,1665153,150.17777777777778
618,1665551,1665100,79.2
619,1665551,1665601,49.266666666666666
620,1665410,1665552,24.633333333333333
621,1665552,1665612,5.266666666666667
622,1665614,1665586,24.633333333333333
623,1665648,1665614,12.333333333333334
624,1665648,1665410,26.4
625,1665614,1665662,7.033333333333333
626,1665671,1665648,12.333333333333334
627,1665552,1665671,17.6
628,1665735,1665671,33.43333333333333
629,1665120,1665735,72.16666666666667
630,1665671,1665741,12.333333333333334
631,1665153,1665861,86.23333333333333
632,1665861,1663992,399.53333333333336
633,1666240,1666324,17.6
634,1666324,1666285,14.066666666666666
635,1666324,1666414,14.066666666666666
636,1666385,1666361,3.511111111111111
637,1666386,1666385,5.866666666666666
638,1666414,1666421,12.333333333333334
639,1666473,1666471,22.866666666666667
640,1663992,1666465,248.47058823529412
641,1666385,1666420,12.911111111111111
642,1666485,1665861,91.53333333333333
643,1666500,1665823,93.725
644,1666500,1666498,24.633333333333333
645,1666511,1666414,12.333333333333334
646,1666588,1666511,9.25
647,1666588,1666584,14.066666666666666
648,1666587,1666506,7.925
649,1666642,1666588,17.6
650,1666509,1666684,24.142857142857142
651,1666688,1666648,7.033333333333333
652,1666684,1666726,17.6
653,1666688,1666737,29.933333333333334
654,1666737,1666512,29.573333333333334
655,1666684,1666858,26.4
656,1666865,1666844,10.566666666666666
657,1666858,1666865,19.366666666666667
658,1666865,1666938,17.6
659,1666938,1666998,7.033333333333333
660,1666998,1667003,12.333333333333334
661,1667020,1666923,21.133333333333333
662,1667020,1667021,17.6
663,1667021,1666688,66.86666666666666
664,1667037,1666485,75.59298245614035
665,1667026,1667037,73.93333333333334
666,1666858,1667028,28.166666666666668
667,1667028,1667020,14.066666666666666
668,1667028,1666865,36.96666666666667
669,1667070,1667066,10.566666666666666
670,1666998,1667070,15.833333333333334
671,1667083,1667070,14.066666666666666
672,1667083,1667104,14.066666666666666
673,1667104,1667028,17.6
674,1667021,1667104,49.266666666666666
675,1667108,1666587,67.325
676,1667098,1667097,12.911111111111111
677,1667100,1667098,39.888888888888886
678,1667104,1667174,17.6
679,1667174,1667145,10.566666666666666
680,1667066,1667203,33.43333333333333
681,1667238,1667083,35.2
682,1667238,1667174,24.633333333333333
683,1667174,1667205,40.46666666666667
684,1667203,1667302,19.366666666666667
685,1667248,1667287,16.42222222222222
686,1667302,1667378,15.833333333333334
687,1666473,1667498,183.03333333333333
688,1667498,1667493,89.76666666666667
689,1667144,1667503,102.95
690,1667302,1667484,33.43333333333333
691,1667484,1667238,54.56666666666667
692,1667484,1667486,7.033333333333333
693,1667503,1667518,55.90588235294118
694,1667037,1667518,89.76666666666667
695,1667518,1667498,310.2
696,1667529,1667532,29.333333333333332
697,1667532,1667533,3.511111111111111
698,1667533,1667534,26.4
699,1667533,1667587,5.866666666666666
700,1667587,1667586,10.555555555555555
701,1667534,1667636,17.6
702,1667636,1667652,5.266666666666667
703,1667595,1667658,24.633333333333333
704,1667663,1667658,24.633333333333333
705,1667493,1667714,82.73333333333333
706,1667658,1667711,22.866666666666667
707,1667636,1667710,14.066666666666666
708,1667658,1667728,19.366666666666667
709,1667710,1667730,10.566666666666666
710,1667587,1667739,21.11111111111111
711,1667144,1667774,244.63333333333333
712,1667771,1667291,88.0
713,1667710,1667773,14.066666666666666
714,1667876,1667823,19.366666666666667
715,1667771,1667899,31.666666666666668
716,1667714,1667939,56.333333333333336
717,1668103,1667899,75.66666666666667
718,1667876,1668103,73.93333333333334
719,1667518,1668213,183.03333333333333
720,1668231,1668195,56.333333333333336
721,1668231,1668327,63.36666666666667
722,1668195,1668327,28.166666666666668
723,1668298,1668329,42.233333333333334
724,1667493,1668393,174.23333333333332
725,1667714,11127,117.93333333333334
726,1661946,10464,17.6
727,1662510,10523,31.666666666666668
728,1662750,1662510,38.733333333333334
729,1662946,1662750,51.487500000000004
730,1663328,1663329,1.7666666666666666
731,1667899,1667829,58.06666666666667
732,1667829,1667876,19.366666666666667
733,1667829,1667779,8.8
734,1666947,1667144,48.111111111111114
735,1666498,1666947,52.7906976744186
736,1667783,1667300,86.23333333333333
737,1667774,1667783,65.13333333333334
738,1667783,1667771,54.906666666666666
739,1666947,1667085,58.06666666666667
740,1666480,1666321,22.866666666666667
741,1666485,1666480,96.80555555555556
742,1666490,1666349,15.833333333333334
743,1666480,1666490,40.46666666666667
744,1666494,1666699,31.666666666666668
745,1666490,1666494,30.461538461538463
746,1666494,1666498,68.63333333333334
747,1666504,1666295,24.633333333333333
748,1666512,1666504,140.8
749,1666504,1666500,56.333333333333336
750,1668086,1667949,59.833333333333336
751,1668329,1667949,95.03333333333333
752,1667949,1667503,59.84444444444444
753,1668393,1668266,58.06666666666667
754,1666589,1666485,133.325
755,1666589,1666670,19.366666666666667
756,1666471,1665551,126.73333333333333
757,1664722,1664761,9.377777777777778
758,1664722,1665153,61.6
759,1663343,1664722,234.06666666666666
760,1664202,1663921,51.03333333333333
761,1663086,1663265,33.43333333333333
762,1663265,1663230,36.96666666666667
763,1663265,1663289,5.266666666666667
764,1662176,1662487,58.06666666666667
765,1662487,1662490,31.666666666666668
766,1662487,1663075,153.13333333333333
767,1663075,1663632,141.9777777777778
768,1663901,1664174,165.43333333333334
769,1661719,1661725,10.571428571428571
770,1661725,1661700,6.0285714285714285
771,1661719,1661670,12.057142857142857
772,2008373,1661719,12.057142857142857
773,1661742,1661725,3.0285714285714285
774,1661838,1661802,9.25
775,1661668,1661907,44.875
776,1663717,2024346,21.125
777,2024347,1663861,34.325
778,1664156,1663981,34.20952380952381
779,1664144,1664213,21.125
780,1663583,1664213,70.4
781,1663717,1663870,21.125
782,1663862,1663870,23.75
783,1663870,1664144,59.833333333333336
784,1663470,1663510,2.65
785,1663973,1663897,10.55
786,1663897,1663916,9.25
787,1664021,1663897,29.05
788,1663741,1663687,10.55
789,1663687,1663668,1.325
790,1663687,1663689,16.88
791,1663344,1663297,5.275
792,1663297,1663228,19.0
793,1663207,1663293,10.55
794,1663207,1663205,7.925
795,1663205,1663203,15.85
796,1663205,1663266,6.6
797,1662477,1662536,9.25
798,1662437,1662481,9.25
799,1662481,1662494,2.65
800,1662494,1662536,13.2
801,1662474,1662494,2.65
802,1662420,1662474,10.55
803,1662421,1662431,3.95
804,1662437,1662421,5.275
805,1662421,1662420,13.2
806,1662582,1662460,27.44
807,1662837,1662887,36.19047619047619
808,1661196,1661199,203.65714285714284
809,1661199,1661200,24.142857142857142
810,1661559,1661560,22.62857142857143
811,1661560,1661556,21.7875
812,1662410,1662412,7.925
813,1662412,1662539,19.8
814,1662247,1662403,17.15
815,1662247,1662248,18.475
816,1662403,1662400,50.15
817,1662159,1661967,30.35
818,1662257,1662168,30.35
819,1662190,1662078,25.075
820,1662159,1662190,18.475
821,1662190,1662257,9.25
822,1662257,1662395,13.2
823,1662400,1662395,36.2
824,1662200,1662159,7.925
825,1662400,1662277,15.85
826,1662277,1662200,15.85
827,1662200,1662167,9.25
828,1662277,1662237,10.55
829,1663394,1663206,23.466666666666665
830,1664483,1664253,22.288888888888888
831,1665956,1665971,3.533333333333333
832,1665956,1666240,45.766666666666666
833,1665971,1666044,33.43333333333333
834,1665735,1666025,38.733333333333334
835,1666025,1666512,60.34285714285714
836,1665586,1665956,47.53333333333333
837,1665114,1665218,10.566666666666666
838,1665218,1665297,12.333333333333334
839,1665890,1665956,15.833333333333334
840,1665466,1665472,10.566666666666666
841,1665466,1665615,17.6
842,1665615,1665890,40.46666666666667
843,1665890,1665685,26.4
844,1666044,1666026,28.166666666666668
845,1666026,1666025,12.333333333333334
846,1666203,1666113,52.8
847,1666112,1666203,14.066666666666666
848,1666203,1666353,29.933333333333334
849,1666353,1666509,21.133333333333333
850,1666353,1666372,15.833333333333334
851,1666294,1666353,24.633333333333333
852,1666026,1666165,21.133333333333333
853,1665971,1665902,7.033333333333333
854,2304262,1666984,21.133333333333333
855,1666984,1666907,21.133333333333333
856,2304263,1667179,21.133333333333333
857,1667179,1667162,10.566666666666666
858,1666984,1667179,42.233333333333334
859,1667933,1668044,26.4
860,1667933,1668046,26.4
861,1667874,1667931,24.633333333333333
862,1668168,1668185,8.8
863,1668018,1668168,40.46666666666667
864,1668046,1667877,40.46666666666667
865,1667663,1667874,45.766666666666666
866,1667874,1667933,12.333333333333334
867,1667877,1667880,28.166666666666668
868,1667880,1668018,31.666666666666668
869,1667877,1667835,10.566666666666666
870,1665046,1665100,52.8
871,1663075,1662995,24.633333333333333
872,10492,1661921,42.233333333333334
873,1661921,1661874,8.8
874,1662064,10492,3.533333333333333
875,1662064,1662172,15.833333333333334
876,1662235,1662321,14.066666666666666
877,1662065,1662121,8.44
878,1662121,1662083,10.56
879,1662121,1662120,8.44
880,1662178,1662177,13.454545454545455
881,1662177,1662120,12.68
882,1662120,1662079,4.24
883,1662120,1662118,16.88
884,1662175,1662147,10.56
885,1662236,1662208,10.56
886,1662280,1662236,12.68
887,1662236,1662204,12.68
888,1662204,1662175,10.56
889,1662258,1662236,10.56
890,1662203,1662175,10.56
891,1662173,1662141,8.44
892,1662173,1662203,10.56
893,1662098,1662173,35.92
894,1662228,1662204,10.56
895,1662203,1662228,10.56
896,1662228,1662258,12.68
897,1662258,1662307,10.56
898,1662244,1662203,12.68
899,1662303,1662429,22.866666666666667
900,1662673,1662681,6.6
901,1662460,1662569,38.733333333333334
902,1663212,1663215,35.46666666666667
903,2026265,1662230,24.142857142857142
904,1662509,1662561,9.6
905,1662561,1662625,5.275
906,1662753,1662803,9.25
907,1662803,1662945,38.0
908,1662804,1662756,7.925
909,1662804,1662803,21.12
910,1663076,1663054,2.65
911,1663611,1663607,10.55
912,1663590,1663775,18.475
913,1663775,1663844,7.925
914,1663770,1663775,5.275
915,1663762,1663646,26.4
916,1663646,1663668,17.15
917,1663646,1663596,5.275
918,1664122,1664052,7.925
919,1664052,1663998,16.444444444444443
920,1664052,1664056,11.875
921,1664349,1664383,5.275
922,1663605,1663710,11.875
923,1663710,1663717,14.525
924,1664144,1664197,13.2
925,2296035,1663189,35.2
926,1665615,1665732,24.633333333333333
927,1665732,1666112,51.03333333333333
928,1665732,1665652,22.866666666666667
929,1665652,1665603,26.4
930,1665603,1665455,19.366666666666667
931,1665455,1665354,12.911111111111111
932,1665543,1665653,8.222222222222221
933,1665455,1665543,19.366666666666667
934,1665133,1665127,17.6
935,1665127,1665114,61.6
936,1665354,1665127,17.6
937,1665354,1665353,10.555555555555555
938,1665543,1665448,9.377777777777778
939,1662147,1662100,14.8
940,1662100,1662071,8.44
941,1662374,1662365,123.2
942,1662811,1662810,8.44
943,1662309,1662375,29.933333333333334
944,1662375,1662374,31.68
945,1662375,1662538,59.12
946,1661921,1661911,38.733333333333334
947,1662100,1662067,10.56
948,1662067,1662074,4.24
949,1662074,1662132,19.0
950,1662208,1662155,16.88
951,1662155,1662147,4.24
952,1662155,1662074,29.56
953,1662922,1662971,7.925
954,1664019,1664469,55.45
955,1662357,1662463,16.246153846153845
956,1662372,1662357,62.158490566037734
957,1662463,1662462,60.34285714285714
958,1662372,1662462,14.894117647058822
959,2005034,2005032,15.85
960,1662276,1662319,3.95
961,1662319,1662509,25.075
962,1661549,1661547,10.571428571428571
963,1661555,1661566,9.057142857142857
964,1661566,1661547,16.6
965,1661577,1661544,10.571428571428571
966,1661547,1661585,10.571428571428571
967,1661566,1661593,9.057142857142857
968,1661593,1661585,6.0285714285714285
969,1661598,1661555,16.6
970,1661585,1661676,19.6
971,1661676,1661577,10.571428571428571
972,1661614,1661598,7.542857142857143
973,1661614,1661593,9.057142857142857
974,1661585,1661620,16.6
975,1661620,1661676,21.114285714285714
976,1661614,1661719,28.65714285714286
977,1661670,1661614,21.114285714285714
978,1661555,1661553,10.571428571428571
979,1661389,1661553,64.85714285714286
980,1661553,1661668,36.2
981,1661670,1661668,13.571428571428571
982,1662813,1662784,8.44
983,1662286,1662282,7.925
984,1663293,1663344,25.725
985,1661879,1661890,10.55
986,1662040,1662109,9.25
987,1662898,1662957,7.925
988,1662000,1662049,7.925
989,1662088,1662069,12.057142857142857
990,1663583,1663604,19.2
991,1663604,1663605,3.95
992,1663710,1663604,33.8
993,1663450,1663531,7.925
994,1663531,1663584,12.68
995,1661577,1661558,13.571428571428571
996,2013290,1661558,7.542857142857143
997,1668381,1668383,35.2
998,1668391,1668383,23.466666666666665
999,1667774,1668437,137.26666666666668
1000,1668437,1668463,29.933333333333334
1001,1668463,1668285,105.6
1002,1668437,1668549,124.96666666666667
1003,1668103,1668551,86.0
1004,1668213,1668630,77.43333333333334
1005,1668329,1668636,59.833333333333336
1006,1668327,1668822,172.46666666666667
1007,1669042,1668393,137.26666666666668
1008,1668046,1668449,73.93333333333334
1009,1668168,1668444,36.96666666666667
1010,1668633,1668388,47.53333333333333
1011,15377,15378,11.875
1012,1663297,1663298,5.275
1013,1662474,1662481,3.95
1014,1667544,1667663,19.366666666666667
1015,1662513,1662458,48.56
1016,1662433,1662417,6.32
1017,1661729,1662290,142.55454545454543
1018,1661584,1662386,132.0
1019,1666471,10949,214.73333333333332
1020,1660820,1661200,116.17142857142858
1021,1661705,1661678,6.32
1022,1661705,1661704,10.56
1023,1661697,1661723,23.24
1024,1661723,1661705,10.56
1025,1661739,1661705,8.44
1026,1661704,1661754,23.24
1027,1661746,1661754,10.56
1028,1661767,1661704,19.0
1029,1661768,1661723,16.88
1030,1661768,1661769,10.56
1031,1661769,1661767,12.68
1032,1661754,1661794,12.68
1033,1661795,1661794,6.32
1034,1661746,1661805,21.12
1035,1661794,1661834,16.88
1036,1661834,1661767,35.92
1037,1661774,1661836,29.56
1038,1661836,1661867,8.44
1039,1661867,1661868,14.8
1040,1661869,1661825,14.8
1041,1661868,1661869,19.0
1042,1661869,1661880,21.12
1043,1661744,10464,27.142857142857142
1044,1661805,1661884,29.56
1045,1661880,1661884,24.945454545454545
1046,1661878,1661768,35.92
1047,1661805,1661887,29.56
1048,1661884,1661887,19.0
1049,1661769,1661882,35.92
1050,1661834,1661886,12.68
1051,1661887,1661886,14.8
1052,1661886,1661882,17.6
1053,1661837,1661851,6.6
1054,1661838,1661851,14.525
1055,1661868,1661936,12.68
1056,1661939,1661936,14.8
1057,1661867,1661939,14.8
1058,1661942,1661869,10.56
1059,1661936,1661942,21.12
1060,1661879,1661838,6.6
1061,1661906,1661908,1.5142857142857142
1062,1661950,1661942,2.12
1063,1661959,1661880,27.44
1064,1661950,1661959,16.88
1065,1661851,1661904,6.6
1066,1661904,1661907,6.6
1067,1661940,1661952,21.11111111111111
1068,1661952,1661801,36.37777777777778
1069,1661951,1661993,8.44
1070,1661946,1661908,54.31428571428572
1071,1661908,1661945,6.0285714285714285
1072,1661936,1662004,12.68
1073,1662004,1661950,29.56
1074,1661945,1661965,25.65714285714286
1075,1661927,1662019,21.12
1076,1661970,1661966,4.514285714285714
1077,1661965,1661970,4.514285714285714
1078,1662019,1662023,6.32
1079,1661904,1661969,11.875
1080,1661993,1662036,14.8
1081,1661974,1661978,7.925
1082,1661977,1661974,3.95
1083,1661978,1661984,6.6
1084,1661984,1661974,44.875
1085,1661988,1661879,13.2
1086,1661987,1661988,2.65
1087,1661997,1662008,13.571428571428571
1088,1662008,1661945,9.057142857142857
1089,1662055,1662004,21.12
1090,1662053,1662055,19.0
1091,1662011,1661970,6.0285714285714285
1092,1661984,1662000,5.275
1093,1662000,1662001,5.275
1094,1662001,1662003,5.275
1095,1662003,1661907,15.833333333333334
1096,1662023,1662070,10.56
1097,1661940,1662062,17.15
1098,1662062,1661952,29.333333333333332
1099,1662070,1662075,12.68
1100,1662016,1662068,10.55
1101,1661969,1662042,10.55
1102,1662042,1662040,7.925
1103,1662040,1662044,7.925
1104,1662044,1661988,9.25
1105,1662091,1662036,19.0
1106,1662096,1662055,14.8
1107,1662096,1662093,23.24
1108,1662098,1662096,8.44
1109,1661939,1662098,38.0
1110,1662036,1662091,42.24
1111,1661897,1662118,50.68
1112,1662057,1662117,14.8
1113,1662117,1662118,12.68
1114,1662054,1662119,14.8
1115,1662119,1662117,12.68
1116,1661965,1662066,24.142857142857142
1117,1661993,1662113,31.68
1118,1662068,1661940,39.888888888888886
1119,1662039,1662129,19.0
1120,1662129,1662119,12.68
1121,1662138,1662129,14.8
1122,1662091,1662141,10.56
1123,1662113,1662141,8.44
1124,1662070,1662149,14.8
1125,1662149,1662138,12.68
1126,1662113,1662147,14.8
1127,1662088,1662008,12.057142857142857
1128,1662090,1662088,10.571428571428571
1129,1662075,1662154,16.88
1130,1662154,1662149,12.68
1131,1662042,1662085,7.925
1132,1661793,1662176,156.63333333333333
1133,1662085,1661969,35.65
1134,10503,1662121,8.44
1135,1662145,1661949,27.725
1136,1662132,1662164,14.8
1137,1662164,1662154,6.32
1138,1662098,1662161,12.68
1139,1662165,1662093,14.8
1140,1662165,1662161,16.88
1141,1662118,1662178,12.68
1142,1662117,1662179,12.68
1143,1662178,1662179,12.68
1144,1662119,1662181,12.68
1145,1662179,1662181,12.68
1146,1662129,1662183,12.68
1147,1662181,1662183,12.68
1148,1662088,1662148,7.542857142857143
1149,1662192,1662138,12.68
1150,1662183,1662192,12.68
1151,1662139,1662085,7.925
1152,1662149,1662201,12.68
1153,1662185,1662068,30.35
1154,1662062,1662187,17.15
1155,1662187,1662185,14.525
1156,1662181,1662206,8.44
1157,1662154,1662209,10.56
1158,1662132,1662208,27.44
1159,1662166,1662139,6.6
1160,1662166,1662044,27.44
1161,1662164,1662225,12.68
1162,1662090,1662186,13.571428571428571
1163,1662186,1662191,9.057142857142857
1164,1662208,1662239,10.56
1165,1662239,1662164,25.36
1166,1662161,1662244,38.0
1167,1662239,1662251,6.32
1168,1662252,1662165,27.44
1169,1662161,1662252,23.24
1170,1662186,1662224,5.275
1171,1662224,1662090,22.62857142857143
1172,1662217,1662220,22.45
1173,1662220,1662166,7.925
1174,1662270,1662187,21.125
1175,1662246,1662270,13.2
1176,1662309,10503,26.4
1177,1662281,1662185,15.85
1178,1662337,1661833,89.76666666666667
1179,1662176,1662337,72.16666666666667
1180,1662309,1662320,23.24
1181,1662254,1662227,6.6
1182,1662254,1662224,14.525
1183,1662224,1662259,7.925
1184,1662259,1662230,12.057142857142857
1185,1662313,1662281,6.6
1186,1662305,1662314,9.25
1187,1662241,1662314,9.25
1188,1662320,1662351,42.24
1189,1662385,1661743,227.03333333333333
1190,1662337,1662365,59.84444444444444
1191,1662276,1662291,9.25
1192,1662291,1662242,6.6
1193,1662291,1662293,9.25
1194,1662293,1662238,7.925
1195,1662293,1662254,15.85
1196,1662244,1662353,31.68
1197,1662314,1662324,10.55
1198,1662324,1662281,5.275
1199,1662187,1662343,21.125
1200,1662270,1662343,15.85
1201,1662351,1662362,25.36
1202,1662308,1662230,12.057142857142857
1203,1662303,1662217,14.785401459854015
1204,10523,1662349,44.71764705882352
1205,1662358,10523,19.8
1206,1662381,1662382,30.35
1207,1662382,1662386,35.65
1208,1662386,1662388,11.875
1209,1662407,1662290,65.13333333333334
1210,1662343,1662409,9.25
1211,1662411,1662409,22.45
1212,1662410,1662324,9.25
1213,1662410,1662411,6.6
1214,1662342,1662406,9.25
1215,1662404,1662406,5.275
1216,1662403,1662404,22.45
1217,1662362,1662430,53.6
1218,1662394,1662358,10.55
1219,1662416,1662303,31.666666666666668
1220,1662220,1662416,23.75
1221,1662252,1662482,46.48
1222,1662388,1662459,10.55
1223,1662466,1662459,5.275
1224,1662453,1662358,11.875
1225,1662439,1662416,7.925
1226,1662440,1662429,6.6
1227,1662453,1662457,9.25
1228,1662465,1662399,9.25
1229,1662465,1662394,18.475
1230,1662460,1662439,5.266666666666667
1231,1662437,1662460,6.6
1232,1662459,1662503,7.925
1233,1662427,1662503,21.125
1234,1662513,1662528,6.32
1235,1662486,1662440,13.2
1236,1662506,1662465,7.925
1237,1662506,1662457,14.525
1238,1662555,1662351,46.48
1239,1662509,1662465,9.25
1240,1662514,1662510,30.35
1241,1662514,1662349,38.0
1242,1662457,1662512,9.25
1243,1662565,1662362,44.36
1244,1662565,1662555,16.88
1245,1662534,1662382,25.075
1246,1662432,1662534,15.85
1247,1662512,1662521,1.325
1248,1662521,1662512,5.275
1249,1662503,1662556,7.925
1250,1662602,1662320,61.24
1251,1662574,1662411,25.075
1252,1662615,1662602,10.56
1253,1662606,1662635,8.44
1254,1662635,1662602,4.24
1255,1662563,1662506,11.875
1256,1662569,1662536,5.275
1257,1662521,1662589,7.925
1258,1662589,1662563,7.925
1259,1662596,1662589,6.6
1260,1662596,1662453,21.125
1261,1662582,1662439,29.05
1262,1662409,1662407,75.25
1263,1662682,1662555,23.24
1264,1662556,1662653,9.25
1265,1662591,1662604,5.275
1266,1662604,1662569,3.95
1267,1662625,1662563,19.8
1268,1662631,1662582,6.6
1269,1662699,1662635,14.8
1270,1662672,1662556,22.45
1271,1662722,1662699,4.24
1272,1662674,1662707,7.033333333333333
1273,1662709,1662710,7.033333333333333
1274,1662710,1662707,12.333333333333334
1275,1662707,1662713,21.133333333333333
1276,1662691,1662653,10.55
1277,1662589,1662679,7.925
1278,1662701,1662534,19.8
1279,1662681,1662604,6.6
1280,1662736,1662565,31.68
1281,1662696,1662701,7.925
1282,1662694,1662625,7.925
1283,1662679,1662694,25.075
1284,1662653,1662721,10.55
1285,1662694,1662698,3.95
1286,1662715,1662509,33.0
1287,1662734,1662701,6.6
1288,1662731,1662596,15.85
1289,1662732,1662679,7.925
1290,1662732,1662731,7.925
1291,1662731,1662735,7.925
1292,1662735,1662453,42.25
1293,1662728,1662725,5.275
1294,1662728,1662681,7.925
1295,1662735,1662750,17.15
1296,1662738,1662728,10.55
1297,1662738,1662681,15.85
1298,1662721,1662764,7.925
1299,1662715,1662752,7.925
1300,1662755,1662514,27.725
1301,1662753,1662694,6.6
1302,1662753,1662732,26.4
1303,1662749,1662738,5.275
1304,1662749,1662704,9.25
1305,1662751,1662704,14.066666666666666
1306,1662638,1662751,19.8
1307,1662698,1662756,15.85
1308,1662756,1662753,14.525
1309,1662752,1662756,9.25
1310,1662769,1662749,5.275
1311,1662771,1662728,6.6
1312,1662823,1662722,31.68
1313,1662764,1662734,35.65
1314,1662815,1662710,24.633333333333333
1315,1662794,1662715,22.45
1316,1662764,1662806,18.475
1317,1662812,1662755,10.55
1318,1662778,1662826,11.733333333333333
1319,1662826,1662381,72.6
1320,1662816,1662752,21.125
1321,1662839,1662734,19.8
1322,1662835,1662794,21.125
1323,1662813,1662837,17.272727272727273
1324,1662837,1662843,17.272727272727273
1325,1662843,1662835,15.85
1326,1662860,1662899,6.6
1327,1662899,1662902,26.4
1328,1662887,1662813,17.6
1329,1662901,1662899,7.925
1330,1662835,1662914,13.2
1331,1662922,1662914,9.25
1332,1662933,1662843,15.85
1333,1662933,1662922,7.925
1334,1662902,1662964,9.25
1335,1662944,1662933,10.55
1336,1662957,1662942,9.25
1337,1662914,1662961,6.6
1338,1662942,1662961,11.875
1339,1662967,1662957,7.925
1340,1662967,1662943,2.65
1341,1662909,1663012,15.85
1342,1663013,1663012,3.95
1343,1663012,1663014,7.925
1344,2034247,1663014,13.2
1345,1662961,1663010,7.925
1346,1662707,1663062,88.0
1347,1663032,1663010,30.35
1348,1663032,1662967,13.2
1349,1662975,1663086,33.43333333333333
1350,1663086,1663062,14.066666666666666
1351,1663059,1662887,32.57142857142857
1352,1663010,1663072,6.6
1353,1663079,1663076,18.475
1354,1663079,1662945,38.0
1355,1663078,1663032,6.6
1356,1663076,1663078,25.075
1357,1663081,1663072,19.8
1358,1663078,1663081,7.925
1359,1663072,1663083,9.25
1360,1663090,1662933,22.45
1361,1663083,1663090,7.925
1362,1663090,1663059,34.325
1363,1663014,1663106,10.55
1364,1663133,1663081,7.925
1365,1663076,1663139,9.25
1366,1663139,1663144,15.85
1367,1663144,1663079,9.25
1368,1663143,1663078,7.925
1369,1663143,1663139,25.075
1370,1663144,1663149,17.15
1371,1663149,1663079,25.075
1372,1663151,1663133,3.95
1373,1663012,1663160,17.15
1374,1663160,1663164,7.925
1375,1663106,1663164,7.925
1376,1663162,1663126,5.275
1377,1663162,1663133,3.95
1378,1662964,1663180,48.85
1379,1662899,1663210,40.925
1380,1663210,1663212,45.81132075471698
1381,1663139,1663203,12.68
1382,1663208,1663203,17.15
1383,1663208,1663144,7.925
1384,1663207,1663143,6.6
1385,1663218,1663208,18.475
1386,1663218,1663149,7.925
1387,1663224,1663218,10.55
1388,1663224,1663160,19.8
1389,1663216,1663162,7.925
1390,1663207,1663216,18.475
1391,1663227,1663224,13.2
1392,1663160,1663227,7.925
1393,1663229,1663227,6.6
1394,1663164,1663229,7.925
1395,1663072,1663228,19.8
1396,1663228,1663216,10.56
1397,1663062,10668,58.06666666666667
1398,1663343,1662430,143.72222222222223
1399,1663203,1663291,19.0
1400,1663180,1663308,17.15
1401,1663291,1663294,24.945454545454545
1402,1663294,1663208,19.0
1403,1663292,1663291,28.152380952380952
1404,1663293,1663292,10.057142857142857
1405,1663299,1663294,24.784516129032255
1406,1663299,1663218,11.875
1407,1663301,1663299,17.448979591836736
1408,1663301,1663224,15.345454545454546
1409,10668,1663366,7.033333333333333
1410,1663314,1663301,32.73285371702638
1411,1663229,1663314,11.875
1412,1663319,1663314,11.475113122171946
1413,15381,1663319,13.253731343283583
1414,1663358,1663276,10.057142857142857
1415,1663352,1663059,55.90588235294117
1416,1663352,1663351,17.15
1417,1663351,1663361,31.675
1418,1663355,1663352,14.525
1419,1663308,1663378,7.925
1420,1663291,1663372,12.523456790123456
1421,1663374,1663361,19.0
1422,1663374,1663344,7.672727272727273
1423,1663292,1663375,9.25
1424,1663372,1663375,29.56
1425,1663377,1663372,52.8
1426,1663377,1663299,9.25
1427,1663383,1663377,19.0
1428,1663383,1663301,14.8
1429,1663390,1663383,33.8
1430,1663314,1663390,6.6
1431,1663395,1663390,12.68
1432,1663395,1663319,7.925
1433,1663390,1663422,3.95
1434,1663422,1663395,10.55
1435,1663430,1663374,15.825000000000001
1436,1663361,1663438,11.875
1437,1663351,1663439,11.875
1438,1663438,1663439,23.75
1439,1663372,1663444,12.68
1440,1663440,1663352,14.8
1441,1663439,1663440,18.475
1442,1663446,1663444,7.925
1443,1663444,1663450,23.75
1444,1663375,1663449,7.925
1445,1663449,1663446,10.55
1446,1663450,1663452,9.25
1447,1663452,1663377,9.25
1448,1663455,1663383,9.25
1449,1663455,1663422,22.45
1450,1663452,1663455,11.875
1451,1662365,1663549,149.0222222222222
1452,1663472,1663449,10.55
1453,1663422,1663507,6.6
1454,1663507,1663498,7.925
1455,1663498,1663510,30.35
1456,1663492,1663355,17.15
1457,1663508,1663430,10.55
1458,1663375,1663508,52.8
1459,1663515,1663438,10.55
1460,1663515,1663430,19.2
1461,1663553,1663508,9.25
1462,1663553,1663472,13.2
1463,1663498,1663563,12.68
1464,1663570,1663440,21.133333333333333
1465,1663449,1663578,15.85
1466,1663472,1663577,13.2
1467,1663577,1663578,7.925
1468,1663578,1663579,7.925
1469,1663579,1663446,15.85
1470,1663579,1663581,9.25
1471,1663444,1663581,25.08131868131868
1472,1663581,1663584,22.45
1473,1663584,1663587,5.275
1474,1663587,1663590,17.15
1475,1663507,1663601,11.875
1476,1663590,1663601,19.8
1477,1663603,1663553,7.925
1478,1663603,1663577,7.925
1479,1663611,1663489,21.125
1480,1663647,1663603,7.925
1481,1663581,1663652,14.8
1482,1663665,1663510,19.8
1483,1663663,1663603,9.25
1484,1663640,1663663,3.95
1485,1663661,1663515,38.4
1486,1663601,1663668,7.925
1487,1663678,1663665,3.95
1488,1663578,1663675,18.475
1489,1663652,1663675,5.275
1490,1663508,1663688,48.56
1491,1663739,1663569,38.733333333333334
1492,1663722,1663688,12.68
1493,1663722,1663553,26.4
1494,1663729,1663665,12.68
1495,1663737,1663663,14.525
1496,1663675,1663737,14.525
1497,1663759,1663729,7.925
1498,1663745,1663722,9.25
1499,1663745,1663647,17.15
1500,1663762,1663721,10.55
1501,1663741,1663777,9.25
1502,1663685,1663777,10.55
1503,1663647,1663793,22.45
1504,1663737,1663793,7.925
1505,1663794,1663836,10.566666666666666
1506,1663739,1663836,40.46666666666667
1507,1663815,1663745,10.55
1508,1663652,1663818,19.8
1509,1663777,1663830,10.55
1510,1663830,1663762,11.875
1511,1663736,1663823,6.6
1512,1663793,1663837,9.25
1513,1663851,1663729,21.12
1514,1663823,1663843,5.275
1515,1663688,1663843,18.475
1516,15377,1663851,7.033333333333333
1517,1663844,1663850,7.925
1518,1663850,1663755,10.55
1519,1663837,1663815,11.875
1520,1663836,1663888,10.566666666666666
1521,1663861,15378,24.180842911877395
1522,1663843,1663722,22.45
1523,1663862,1663861,22.159223300970876
1524,1663850,1663863,7.925
1525,1663863,1663866,9.25
1526,1663866,1663830,19.8
1527,1663366,1663921,95.03333333333333
1528,1663876,1663745,13.2
1529,1663873,1663570,45.766666666666666
1530,1663836,1663860,47.53333333333333
1531,1663843,1663903,9.25
1532,1663919,1663851,14.8
1533,1663916,1663844,16.88
1534,1663943,10698,49.28888888888889
1535,1663938,1663943,58.666666666666664
1536,1663992,1663549,79.2
1537,1663949,1663916,38.275
1538,1663926,1663949,2.65
1539,1663819,1663972,22.45
1540,1663972,1663919,9.25
1541,1663818,1663968,34.325
1542,1663862,1663981,15.85
1543,1663830,1663980,19.8
1544,1663968,1663983,6.6
1545,1663949,1663998,10.56
1546,1663980,1663998,10.55
1547,1663980,1664002,6.6
1548,1664002,1664009,7.925
1549,1664009,1663972,5.275
1550,1663861,1664019,19.8
1551,1664019,1663981,19.8
1552,1663818,1664013,25.075
1553,1664013,1664021,15.85
1554,1664021,1663973,19.8
1555,1663903,1664017,26.4
1556,1663983,1664025,7.925
1557,1664038,1664017,3.95
1558,1664051,1664038,9.25
1559,1664051,1664026,3.95
1560,1664002,1664065,7.925
1561,1664021,1664069,10.56
1562,1664064,1663968,23.75
1563,1664063,1664051,7.925
1564,1664063,1664032,3.95
1565,1664078,1663983,17.15
1566,1664082,1664062,3.95
1567,1664079,1664038,5.275
1568,1663549,1664167,119.66666666666667
1569,1664167,1664174,135.53333333333333
1570,1664122,1664125,9.25
1571,1664126,1664064,9.25
1572,1664114,1664126,5.275
1573,1664137,1664063,19.8
1574,1664082,1664137,9.25
1575,1664025,1664082,34.325
1576,1664147,1664009,33.8
1577,1664125,1664148,14.525
1578,1664148,1664128,6.6
1579,1664125,1664157,6.6
1580,1664159,1664093,14.525
1581,1664122,1664159,6.6
1582,1664155,1664121,3.95
1583,1664155,1664064,19.8
1584,1664126,1664163,7.925
1585,1664165,1664051,15.85
1586,1664185,1663916,43.55
1587,1664190,1664147,6.6
1588,1664199,1664155,3.95
1589,1664159,1664208,9.25
1590,1664163,1664204,7.925
1591,1664228,1664159,13.2
1592,1664148,1664237,11.875
1593,1664247,1664170,7.925
1594,1664247,1664190,13.2
1595,1664237,1664247,5.275
1596,1664163,1664248,13.2
1597,1664256,1664148,14.525
1598,1664013,1664255,31.675
1599,1664248,1664266,3.95
1600,1664137,1664271,40.12
1601,1664271,1664155,18.475
1602,1664237,1664291,7.925
1603,1664295,1664247,5.275
1604,1664290,1664271,18.475
1605,1664248,1664290,6.6
1606,1664255,1664328,10.55
1607,1664301,1664344,11.875
1608,1664271,1664344,10.55
1609,1664349,1664290,11.875
1610,1664359,1664190,31.68
1611,1664290,1664355,7.925
1612,1664378,1664349,3.95
1613,1664378,1664328,9.25
1614,1664391,1664355,13.2
1615,1664344,1664137,76.04
1616,1664414,1664378,16.88
1617,1664487,1663739,128.46666666666667
1618,1664467,1664213,40.46666666666667
1619,1664489,1663943,68.04444444444445
1620,1664294,1664486,18.77777777777778
1621,1664202,1664487,186.56666666666666
1622,1664355,1664482,17.15
1623,1664609,1664202,70.4
1624,1664709,1664174,98.56666666666666
1625,1664738,1664487,72.4
1626,1664742,1664738,38.733333333333334
1627,1664605,1664797,45.766666666666666
1628,10787,1665038,151.36666666666667
1629,1664167,1665100,161.93333333333334
1630,1665120,1664738,51.03333333333333
1631,1665118,1665116,8.8
1632,1664999,1665118,15.833333333333334
1633,1665120,1665118,28.65714285714286
1634,1665113,1665114,22.866666666666667
1635,1665091,1665090,9.377777777777778
1636,1665133,1664489,59.84444444444444
1637,1665133,1665132,29.333333333333332
1638,1665299,1665297,15.833333333333334
1639,1665091,1665330,19.955555555555556
1640,1665116,1665410,36.96666666666667
1641,1665444,1665297,17.6
1642,1665153,1665482,225.26666666666668
1643,1665100,1665551,79.2
1644,1665601,1665551,49.266666666666666
1645,1665552,1665410,24.633333333333333
1646,1665612,1665552,5.266666666666667
1647,1665586,1665614,24.633333333333333
1648,1665614,1665648,12.333333333333334
1649,1665410,1665648,26.4
1650,1665662,1665614,7.033333333333333
1651,1665648,1665671,12.333333333333334
1652,1665671,1665552,17.6
1653,1665671,1665735,33.43333333333333
1654,1665735,1665120,61.857142857142854
1655,1665741,1665671,12.333333333333334
1656,1665861,1665153,57.48888888888889
1657,1663992,1665861,342.45714285714286
1658,1666324,1666240,17.6
1659,1666285,1666324,14.066666666666666
1660,1666414,1666324,14.066666666666666
1661,1666361,1666385,3.511111111111111
1662,1666385,1666386,5.866666666666666
1663,1666421,1666414,12.333333333333334
1664,1666471,1666473,22.866666666666667
1665,1666465,1663992,352.0
1666,1666420,1666385,12.911111111111111
1667,1665861,1666485,91.53333333333333
1668,1665823,1666500,124.96666666666667
1669,1666498,1666500,24.633333333333333
1670,1666414,1666511,12.333333333333334
1671,1666511,1666588,12.333333333333334
1672,1666584,1666588,14.066666666666666
1673,1666506,1666587,7.044444444444444
1674,1666588,1666642,17.6
1675,1666684,1666509,28.166666666666668
1676,1666648,1666688,7.033333333333333
1677,1666726,1666684,17.6
1678,1666737,1666688,29.933333333333334
1679,1666512,1666737,36.96666666666667
1680,1666858,1666684,26.4
1681,1666844,1666865,10.566666666666666
1682,1666865,1666858,19.366666666666667
1683,1666938,1666865,17.6
1684,1666998,1666938,7.033333333333333
1685,1667003,1666998,12.333333333333334
1686,1666923,1667020,21.133333333333333
1687,1667021,1667020,17.6
1688,1666688,1667021,66.86666666666666
1689,1666485,1667037,89.76666666666667
1690,1667037,1667026,73.93333333333334
1691,1667028,1666858,28.166666666666668
1692,1667020,1667028,14.066666666666666
1693,1666865,1667028,36.96666666666667
1694,1667066,1667070,10.566666666666666
1695,1667070,1666998,15.833333333333334
1696,1667070,1667083,14.066666666666666
1697,1667104,1667083,14.066666666666666
1698,1667028,1667104,17.6
1699,1667104,1667021,49.266666666666666
1700,1666587,1667108,59.84444444444444
1701,1667097,1667098,12.911111111111111
1702,1667098,1667100,39.888888888888886
1703,1667174,1667104,17.6
1704,1667145,1667174,10.566666666666666
1705,1667203,1667066,33.43333333333333
1706,1667083,1667238,35.2
1707,1667174,1667238,24.633333333333333
1708,1667205,1667174,40.46666666666667
1709,1667302,1667203,19.366666666666667
1710,1667287,1667248,16.42222222222222
1711,1667378,1667302,15.833333333333334
1712,1667498,1666473,183.03333333333333
1713,1667493,1667498,89.76666666666667
1714,1667503,1667144,137.26666666666668
1715,1667287,1667287,73.91111111111111
1716,1667484,1667302,33.43333333333333
1717,1667238,1667484,54.56666666666667
1718,1667486,1667484,7.033333333333333
1719,1667518,1667503,79.2
1720,1667518,1667037,62.627906976744185
1721,1667498,1667518,413.6
1722,1667532,1667529,29.333333333333332
1723,1667533,1667532,3.511111111111111
1724,1667534,1667533,17.6
1725,1667587,1667533,5.866666666666666
1726,1667586,1667587,10.555555555555555
1727,1667636,1667534,17.6
1728,1667652,1667636,5.266666666666667
1729,1667658,1667595,24.633333333333333
1730,1667658,1667663,24.633333333333333
1731,1667714,1667493,82.73333333333333
1732,1667711,1667658,22.866666666666667
1733,1667710,1667636,14.066666666666666
1734,1667728,1667658,19.366666666666667
1735,1667730,1667710,10.566666666666666
1736,1667739,1667587,21.11111111111111
1737,1667774,1667144,163.0888888888889
1738,1667291,1667771,88.0
1739,1667773,1667710,14.066666666666666
1740,1667823,1667876,19.366666666666667
1741,1667899,1667771,31.666666666666668
1742,1667939,1667714,56.333333333333336
1743,1667899,1668103,64.85714285714286
1744,1668103,1667876,73.93333333333334
1745,1668213,1667518,126.71538461538464
1746,1668195,1668231,56.333333333333336
1747,1668327,1668231,63.36666666666667
1748,1668327,1668195,28.166666666666668
1749,1668329,1668298,42.233333333333334
1750,1668393,1667493,174.23333333333332
1751,11127,1667714,117.93333333333334
1752,10464,1661946,15.085714285714285
1753,10523,1662510,33.77777777777778
1754,1662510,1662750,38.733333333333334
1755,1662750,1662946,47.074285714285715
1756,1667829,1667899,58.06666666666667
1757,1667876,1667829,19.366666666666667
1758,1667779,1667829,8.8
1759,1667144,1666947,72.16666666666667
1760,1666947,1666498,75.66666666666667
1761,1667300,1667783,86.23333333333333
1762,1667783,1667774,65.13333333333334
1763,1667771,1667783,68.63333333333334
1764,1667085,1666947,58.06666666666667
1765,1666321,1666480,22.866666666666667
1766,1666480,1666485,116.16666666666667
1767,1666349,1666490,15.833333333333334
1768,1666490,1666480,40.46666666666667
1769,1666699,1666494,31.666666666666668
1770,1666494,1666490,44.0
1771,1666498,1666494,68.63333333333334
1772,1666295,1666504,24.633333333333333
1773,1666504,1666512,95.38064516129033
1774,1666500,1666504,56.333333333333336
1775,1667949,1668086,59.833333333333336
1776,1667949,1668329,95.03333333333333
1777,1667503,1667949,89.76666666666667
1778,1668266,1668393,58.06666666666667
1779,1666485,1666589,177.76666666666668
1780,1666670,1666589,19.366666666666667
1781,1665551,1666471,126.73333333333333
1782,1664761,1664722,14.066666666666666
1783,1665153,1664722,41.06666666666667
1784,1664722,1663343,156.04444444444445
1785,1663921,1664202,51.03333333333333
1786,1663265,1663086,33.43333333333333
1787,1663230,1663265,36.96666666666667
1788,1663289,1663265,5.266666666666667
1789,1662487,1662176,58.06666666666667
1790,1662490,1662487,31.666666666666668
1791,1663075,1662487,153.13333333333333
1792,1663632,1663075,212.96666666666667
1793,1664174,1663901,165.43333333333334
1794,1661725,1661719,10.571428571428571
1795,1661700,1661725,6.0285714285714285
1796,1661670,1661719,12.057142857142857
1797,1661719,2008373,12.057142857142857
1798,1661725,1661742,3.0285714285714285
1799,1661802,1661838,9.25
1800,1661907,1661668,59.833333333333336
1801,2024346,1663717,33.8
1802,1663861,2024347,51.08837209302325
1803,1663981,1664156,22.45
1804,1664213,1664144,28.166666666666668
1805,1664213,1663583,90.51428571428572
1806,1663870,1663717,21.125
1807,1663870,1663862,23.75
1808,1664144,1663870,59.833333333333336
1809,1663510,1663470,4.24
1810,1663897,1663973,10.55
1811,1663916,1663897,9.25
1812,1663897,1664021,46.48
1813,1663687,1663741,10.55
1814,1663668,1663687,1.325
1815,1663689,1663687,10.55
1816,1663297,1663344,5.275
1817,1663228,1663297,11.875
1818,1663293,1663207,28.133333333333333
1819,1663205,1663207,7.925
1820,1663203,1663205,15.85
1821,1663266,1663205,6.6
1822,1662536,1662477,9.25
1823,1662481,1662437,9.25
1824,1662494,1662481,2.65
1825,1662536,1662494,13.2
1826,1662494,1662474,2.65
1827,1662474,1662420,10.55
1828,1662431,1662421,3.95
1829,1662421,1662437,5.275
1830,1662420,1662421,13.2
1831,1662460,1662582,17.15
1832,1662887,1662837,23.75
1833,1661199,1661196,203.65714285714284
1834,1661200,1661199,24.142857142857142
1835,1661560,1661559,22.62857142857143
1836,1661556,1661560,16.6
1837,1662412,1662410,7.925
1838,1662539,1662412,19.8
1839,1662403,1662247,17.15
1840,1662248,1662247,18.475
1841,1662248,1662248,42.25
1842,1662400,1662403,50.15
1843,1661967,1662159,30.35
1844,1662168,1662257,30.35
1845,1662078,1662190,25.075
1846,1662190,1662159,18.475
1847,1662257,1662190,9.25
1848,1662395,1662257,13.2
1849,1662395,1662400,31.675
1850,1662159,1662200,7.925
1851,1662277,1662400,15.85
1852,1662200,1662277,15.85
1853,1662167,1662200,9.25
1854,1662237,1662277,10.55
1855,1663206,1663394,23.466666666666665
1856,1664253,1664483,22.288888888888888
1857,1665971,1665956,3.533333333333333
1858,1666240,1665956,45.766666666666666
1859,1666044,1665971,33.43333333333333
1860,1666025,1665735,38.733333333333334
1861,1666512,1666025,70.4
1862,1665956,1665586,47.53333333333333
1863,1665218,1665114,10.566666666666666
1864,1665297,1665218,12.333333333333334
1865,1665956,1665890,15.833333333333334
1866,1665472,1665466,10.566666666666666
1867,1665615,1665466,17.6
1868,1665890,1665615,40.46666666666667
1869,1665685,1665890,26.4
1870,1666026,1666044,28.166666666666668
1871,1666025,1666026,12.333333333333334
1872,1666113,1666203,52.8
1873,1666203,1666112,14.066666666666666
1874,1666353,1666203,29.933333333333334
1875,1666509,1666353,21.133333333333333
1876,1666372,1666353,15.833333333333334
1877,1666353,1666294,24.633333333333333
1878,1666165,1666026,21.133333333333333
1879,1665902,1665971,7.033333333333333
1880,1666984,2304262,21.133333333333333
1881,1666907,1666984,21.133333333333333
1882,1667179,2304263,21.133333333333333
1883,1667162,1667179,10.566666666666666
1884,1667179,1666984,42.233333333333334
1885,1668044,1667933,26.4
1886,1668046,1667933,26.4
1887,1667931,1667874,24.633333333333333
1888,1668185,1668168,8.8
1889,1668168,1668018,40.46666666666667
1890,1667877,1668046,40.46666666666667
1891,1667874,1667663,45.766666666666666
1892,1667933,1667874,12.333333333333334
1893,1667880,1667877,28.166666666666668
1894,1668018,1667880,31.666666666666668
1895,1667835,1667877,10.566666666666666
1896,1665100,1665046,52.8
1897,1662995,1663075,24.633333333333333
1898,1661921,10492,42.233333333333334
1899,1661874,1661921,8.8
1900,10492,1662064,2.3555555555555556
1901,1662172,1662064,15.833333333333334
1902,1662321,1662235,14.066666666666666
1903,1662121,1662065,8.44
1904,1662083,1662121,10.56
1905,1662120,1662121,8.44
1906,1662177,1662178,14.8
1907,1662120,1662177,12.68
1908,1662079,1662120,4.24
1909,1662118,1662120,16.88
1910,1662147,1662175,10.56
1911,1662208,1662236,10.56
1912,1662236,1662280,12.68
1913,1662204,1662236,12.68
1914,1662175,1662204,10.56
1915,1662236,1662258,10.56
1916,1662175,1662203,10.56
1917,1662141,1662173,8.44
1918,1662203,1662173,10.56
1919,1662173,1662098,35.92
1920,1662204,1662228,10.56
1921,1662228,1662203,10.56
1922,1662258,1662228,12.68
1923,1662307,1662258,10.56
1924,1662203,1662244,12.68
1925,1662429,1662303,17.15
1926,1662681,1662673,6.6
1927,1662569,1662460,39.05882352941177
1928,1663215,1663212,23.75
1929,1662230,2026265,33.8
1930,1662561,1662509,6.6
1931,1662625,1662561,5.275
1932,1662803,1662753,9.25
1933,1662945,1662803,23.75
1934,1662756,1662804,7.925
1935,1662803,1662804,13.2
1936,1663054,1663076,4.24
1937,1663607,1663611,10.55
1938,1663775,1663590,29.56
1939,1663844,1663775,7.925
1940,1663775,1663770,5.275
1941,1663646,1663762,26.4
1942,1663668,1663646,17.15
1943,1663596,1663646,5.275
1944,1664052,1664122,7.925
1945,1663998,1664052,9.25
1946,1664056,1664052,11.875
1947,1664383,1664349,5.275
1948,1663710,1663605,11.875
1949,1663717,1663710,23.24
1950,1664197,1664144,13.2
1951,1663189,2296035,35.2
1952,1665732,1665615,24.633333333333333
1953,1666112,1665732,51.03333333333333
1954,1665652,1665732,22.866666666666667
1955,1665603,1665652,26.4
1956,1665455,1665603,19.366666666666667
1957,1665354,1665455,19.366666666666667
1958,1665653,1665543,12.333333333333334
1959,1665543,1665455,19.366666666666667
1960,1665127,1665133,17.6
1961,1665114,1665127,41.06666666666667
1962,1665127,1665354,17.6
1963,1665353,1665354,10.555555555555555
1964,1665448,1665543,14.066666666666666
1965,1662100,1662147,14.8
1966,1662071,1662100,8.44
1967,1662365,1662374,123.2
1968,1662810,1662811,8.44
1969,1662375,1662309,29.933333333333334
1970,1662374,1662375,31.68
1971,1662538,1662375,59.12
1972,1661911,1661921,38.733333333333334
1973,1662067,1662100,10.56
1974,1662074,1662067,4.24
1975,1662132,1662074,19.0
1976,1662155,1662208,16.88
1977,1662147,1662155,4.24
1978,1662074,1662155,29.56
1979,1662971,1662922,7.925
1980,1664469,1664019,55.45
1981,1662463,1662357,15.085714285714285
1982,1662357,1662372,58.82857142857143
1983,1662462,1662463,52.8
1984,1662462,1662372,15.345454545454546
1985,1662319,1662276,3.95
1986,1662509,1662319,40.12
1987,1661547,1661549,10.571428571428571
1988,1661566,1661555,9.057142857142857
1989,1661547,1661566,16.6
1990,1661544,1661577,10.571428571428571
1991,1661585,1661547,10.571428571428571
1992,1661593,1661566,9.057142857142857
1993,1661585,1661593,6.0285714285714285
1994,1661555,1661598,16.6
1995,1661676,1661585,19.6
1996,1661577,1661676,10.571428571428571
1997,1661598,1661614,10.56
1998,1661593,1661614,9.057142857142857
1999,1661620,1661585,16.6
2000,1661676,1661620,21.114285714285714
2001,1661719,1661614,28.65714285714286
2002,1661614,1661670,21.114285714285714
2003,1661553,1661555,10.571428571428571
2004,1661553,1661389,64.85714285714286
2005,1661668,1661553,36.2
2006,1661668,1661670,13.571428571428571
2007,1662784,1662813,5.275
2008,1662282,1662286,7.925
2009,1663344,1663293,24.211764705882352
2010,1661890,1661879,10.55
2011,1662109,1662040,9.25
2012,1662957,1662898,7.925
2013,1662049,1662000,7.925
2014,1662069,1662088,12.057142857142857
2015,1662066,1662069,1.5142857142857142
2016,1662069,1662066,7.542857142857143
2017,1663604,1663583,13.2
2018,1663605,1663604,3.95
2019,1663604,1663710,21.125
2020,1663531,1663450,7.925
2021,1663584,1663531,7.925
2022,1661558,1661577,13.571428571428571
2023,1661558,2013290,7.542857142857143
2024,1668383,1668381,35.2
2025,1668383,1668391,23.466666666666665
2026,1668437,1667774,91.5111111111111
2027,1668463,1668437,29.933333333333334
2028,1668285,1668463,105.6
2029,1668549,1668437,124.96666666666667
2030,1668551,1668103,100.33333333333333
2031,1668630,1668213,77.43333333333334
2032,1668636,1668329,59.833333333333336
2033,1668822,1668327,114.97777777777777
2034,1668393,1669042,137.26666666666668
2035,1668449,1668046,73.93333333333334
2036,1668444,1668168,36.96666666666667
2037,1668388,1668633,47.53333333333333
2038,15378,15377,16.456692913385826
2039,1663298,1663297,5.275
2040,1662481,1662474,3.95
2041,1667663,1667544,19.366666666666667
2042,1662458,1662513,48.56
2043,1662417,1662433,6.32
2044,1662290,1661729,174.23333333333332
2045,1662386,1661584,132.0
2046,1663308,1663180,42.25
2047,10949,1666471,143.15555555555557
2048,1676929,1666473,102.06666666666666
2049,1666473,1676929,102.06666666666666
2050,1666465,1676929,51.03333333333333
2051,1676929,1666465,51.03333333333333
2052,1666512,1666511,38.026666666666664
2053,1666511,1666512,47.53333333333333
2054,1666511,1666509,27.725
2055,1666509,1666511,36.96666666666667
2056,1665603,1665653,31.68888888888889
2057,1665653,1665603,47.53333333333333
2058,1665653,1677459,8.222222222222221
2059,1677459,1665653,8.222222222222221
2060,1677459,1677461,11.733333333333333
2061,1677461,1677459,11.733333333333333
2062,1677461,1677462,11.733333333333333
2063,1677462,1677461,11.733333333333333
2064,1677462,1677463,7.044444444444444
2065,1677463,1677462,7.044444444444444
2066,1677463,1677464,11.733333333333333
2067,1677464,1677463,11.733333333333333
2068,1677463,1677466,8.222222222222221
2069,1677466,1677463,8.222222222222221
2070,1677462,1677465,7.044444444444444
2071,1677465,1677462,7.044444444444444
2072,1677459,1677460,14.088888888888889
2073,1677460,1677459,14.088888888888889
2074,1677461,1677469,11.733333333333333
2075,1677469,1677461,11.733333333333333
2076,1666112,1666113,17.6
2077,1666113,1666112,17.6
2078,1666113,1679415,31.666666666666668
2079,1679415,1666113,31.666666666666668
2080,1679419,1679420,7.033333333333333
2081,1679420,1679419,7.033333333333333
2082,1679421,1679419,65.13333333333334
2083,1679419,1679421,65.13333333333334
2084,1661973,1679441,75.25
2085,1679441,1661973,75.25
2086,1679441,1662159,13.2
2087,1662159,1679441,13.2
2088,1679441,1679440,3.95
2089,1679440,1679441,3.95
2090,1662395,1679462,39.6
2091,1679462,1662395,39.6
2092,1679462,1662388,33.0
2093,1662388,1679462,33.0
2094,1662395,1679458,39.6
2095,1679458,1662395,39.6
2096,1679462,1679459,39.6
2097,1679459,1679462,39.6
2098,1679460,1679461,6.6
2099,1679461,1679460,6.6
2100,1679458,1679452,19.8
2101,1679452,1679458,19.8
2102,1679459,1679455,19.8
2103,1679455,1679459,19.8
2104,1679452,1679454,10.55
2105,1679454,1679452,10.55
2106,1679454,1679455,18.475
2107,1679455,1679454,18.475
2108,1679455,1679456,9.25
2109,1679456,1679455,9.25
2110,1662721,1679460,33.0
2111,1679460,1662721,33.0
2112,1679460,1679459,17.15
2113,1679459,1679460,17.15
2114,1679459,1679458,21.125
2115,1679458,1679459,21.125
2116,1661836,1679486,19.0
2117,1679486,1661836,19.0
2118,1679486,1679485,126.72
2119,1679485,1679486,126.72
2120,2012366,1679488,10.56
2121,1679488,2012366,10.56
2122,1679489,2012366,57.04
2123,2012366,1679489,57.04
2124,1661825,1679489,23.24
2125,1679489,1661825,23.24
2126,1662252,1662235,19.0
2127,1662235,1662252,19.0
2128,1662462,1679706,80.525
2129,1679706,1662462,117.12727272727273
2130,1664473,1664479,34.325
2131,1664479,1664473,39.22857142857143
2132,1664479,1664483,37.55555555555556
2133,1664483,1664479,37.55555555555556
2134,1678985,1664486,23.466666666666665
2135,1664486,1678985,30.17142857142857
2136,1663395,1679719,7.925
2137,1679719,1663395,12.68
2138,1679719,1663470,26.4
2139,1663470,1679719,42.24
2140,1679719,15381,9.989189189189188
2141,15381,1679719,6.6
2142,1662794,1679723,13.2
2143,1679723,1662794,13.2
2144,1665132,1677464,25.822222222222223
2145,1677464,1665132,25.822222222222223
2146,2003172,1668231,14.5
2147,1668213,2003172,61.166666666666664
2148,2003172,1668213,40.77777777777778
2149,1668231,2003172,14.5
2150,2003172,2003173,15.833333333333334
2151,2003173,2003172,15.833333333333334
2152,2004247,2004256,14.525
2153,2004256,2004247,14.525
2154,1661966,2005014,10.571428571428571
2155,2005014,1661966,10.571428571428571
2156,2005014,2005018,24.142857142857142
2157,2005018,2005014,24.142857142857142
2158,2005018,2005019,10.56
2159,2005019,2005018,7.542857142857143
2160,2005019,2005020,15.085714285714285
2161,2005020,2005019,15.085714285714285
2162,2005019,2005021,21.114285714285714
2163,2005021,2005019,21.114285714285714
2164,2005024,2005018,30.17142857142857
2165,2005018,2005024,30.17142857142857
2166,2005025,2005024,19.0
2167,2005024,2005025,13.571428571428571
2168,2005024,2005026,11.875
2169,2005026,2005024,13.571428571428571
2170,2005027,1679723,31.68
2171,1679723,2005027,19.8
2172,2005027,2005029,10.56
2173,2005029,2005027,6.6
2174,2005029,2005030,5.275
2175,2005030,2005029,5.275
2176,2005030,2005032,7.925
2177,2005032,2005030,7.925
2178,2005032,2005033,11.875
2179,2005033,2005032,11.875
2180,2005029,2005034,7.925
2181,2005034,2005029,7.925
2182,2005034,2005035,31.68
2183,2005035,2005034,19.8
2184,2005036,2005035,13.2
2185,2005035,2005036,13.2
2186,2005035,2005037,9.25
2187,2005037,2005035,9.25
2188,2005036,2005033,7.925
2189,2005033,2005036,7.925
2190,2005037,2005036,5.275
2191,2005036,2005037,5.275
2192,2005037,2005038,5.275
2193,2005038,2005037,5.275
2194,2005039,2005038,6.6
2195,2005038,2005039,6.6
2196,2005040,2005041,6.6
2197,2005041,2005040,6.6
2198,2005041,2005042,3.95
2199,2005042,2005041,3.95
2200,2005042,2005039,6.6
2201,2005039,2005042,6.6
2202,2005097,2005040,10.55
2203,2005040,2005097,10.55
2204,2005104,2005097,21.125
2205,2005097,2005104,21.125
2206,2005038,2005104,12.68
2207,2005104,2005038,7.925
2208,2005104,2005102,10.56
2209,2005102,2005104,6.6
2210,2005107,1662319,10.55
2211,1662319,2005107,10.55
2212,1662276,2005107,13.2
2213,2005107,1662276,13.2
2214,2005110,2005107,3.95
2215,2005107,2005110,3.95
2216,2005102,2005110,3.95
2217,2005110,2005102,3.95
2218,2005102,2005117,3.75
2219,2005117,2005102,3.75
2220,2005117,2005118,11.875
2221,2005118,2005117,11.875
2222,1679737,2005123,8.75
2223,2005123,2005110,11.05
2224,2005110,2005123,11.05
2225,2005123,1679737,8.75
2226,2005123,2005118,6.6
2227,2005118,2005123,6.6
2228,1679737,2005124,5.0
2229,2005124,1679737,5.0
2230,2005118,2005124,13.2
2231,2005124,2005118,13.2
2232,2005118,2005125,7.925
2233,2005125,2005118,7.925
2234,2005125,2005127,7.542857142857143
2235,2005127,2005125,6.6
2236,2005127,2016722,12.057142857142857
2237,2016722,2005127,12.057142857142857
2238,1662715,2005027,10.56
2239,2005027,1662715,6.6
2240,2008365,1661802,9.25
2241,1661802,2008365,10.571428571428571
2242,2008366,2008367,9.057142857142857
2243,2008367,2008366,12.68
2244,2008368,2008367,18.114285714285714
2245,2008367,2008368,18.114285714285714
2246,2008368,2008369,7.542857142857143
2247,2008369,2008368,7.542857142857143
2248,2008369,2008370,9.057142857142857
2249,2008370,2008369,9.057142857142857
2250,2008369,2008371,21.114285714285714
2251,2008371,2008369,21.114285714285714
2252,2008368,2008372,10.571428571428571
2253,2008372,2008368,10.571428571428571
2254,1661676,2008372,24.142857142857142
2255,2008372,1661676,24.142857142857142
2256,2008372,2008373,36.2
2257,2008373,2008372,36.2
2258,2008367,2008373,9.057142857142857
2259,2008373,2008367,9.057142857142857
2260,1666465,2010162,15.833333333333334
2261,2010162,1666589,47.53333333333333
2262,1666589,2010162,47.53333333333333
2263,2010162,1666465,15.833333333333334
2264,1663401,2011346,22.45
2265,2011346,1663401,22.45
2266,1666044,1666240,35.2
2267,1666240,1666044,35.2
2268,2011363,2011365,26.4
2269,2011365,2011363,26.4
2270,2011377,2004247,8.55
2271,2004247,2011377,8.55
2272,2011377,2011378,14.525
2273,2011378,2011377,14.525
2274,1663276,2011531,10.55
2275,2011531,1662964,65.49873417721518
2276,1662964,2011531,46.2
2277,2011531,1663276,10.55
2278,2005125,2011680,46.48
2279,2011680,2005125,29.05
2280,2011680,2011681,6.6
2281,2011681,2011680,6.6
2282,2011681,2011682,10.56
2283,2011682,2011681,6.6
2284,2011680,2011687,6.6
2285,2011687,2011680,6.6
2286,2011681,2011688,9.25
2287,2011688,2011681,9.25
2288,2011682,2016714,9.25
2289,2016714,2011682,14.8
2290,2011688,2016714,6.6
2291,2016714,2011688,6.6
2292,2005097,2011693,2.65
2293,2011693,2005097,2.65
2294,2011693,2011687,2.65
2295,2011687,2011693,2.65
2296,2011693,2011688,6.6
2297,2011688,2011693,6.6
2298,2005097,2011703,7.925
2299,2011703,2005117,20.0
2300,2005117,2011703,20.0
2301,2011703,2005097,7.925
2302,2011703,2011687,7.925
2303,2011687,2011703,7.925
2304,1662902,1662826,27.725
2305,1662826,1662902,44.36
2306,1662381,2011721,25.285714285714285
2307,2011721,1662372,54.464
2308,1662372,2011721,48.628571428571426
2309,2011721,1662381,25.285714285714285
2310,1662902,2011721,99.0632911392405
2311,2011721,1662902,75.25
2312,2012357,2012359,14.8
2313,2012359,2012357,14.8
2314,1679484,2012366,14.0
2315,1679486,1679484,38.8
2316,1679484,1679486,38.8
2317,2012366,1679484,14.0
2318,1679484,1679488,63.36
2319,1679488,1679484,63.36
2320,1679488,2012370,12.68
2321,2012370,1679488,12.68
2322,2012370,2012373,16.88
2323,2012373,2012370,16.88
2324,2012370,2012374,6.32
2325,2012374,2012370,6.32
2326,1662463,2013046,15.85
2327,2013046,1662463,15.85
2328,1663320,1663215,18.696393442622952
2329,1663215,1663320,13.2
2330,2005040,2016713,6.6
2331,2016713,2005039,27.725
2332,2005039,2016713,27.725
2333,2016713,2005040,6.6
2334,2016715,2016714,7.925
2335,2016714,2016715,7.925
2336,2016713,2016721,8.9
2337,2016721,2016714,6.95
2338,2016714,2016721,6.95
2339,2016721,2016713,8.9
2340,2005040,2016721,11.55
2341,2016721,2005040,11.55
2342,1661966,2016722,18.542857142857144
2343,2016722,1661966,18.542857142857144
2344,2005014,2005127,19.6
2345,2005127,2005014,19.6
2346,1666044,2020314,17.6
2347,2020314,1666044,17.6
2348,1665455,1665289,36.96666666666667
2349,1665289,1665455,36.96666666666667
2350,1663212,2020337,21.125
2351,2020337,1663212,21.125
2352,1663605,2020338,6.6
2353,2020338,1663605,6.6
2354,2176384,2011622,14.425
2355,2011622,2176384,20.069565217391304
2356,1662463,1679706,35.65
2357,1679706,1662463,35.65
2358,1661598,2013287,10.542857142857143
2359,2013287,1661598,10.542857142857143
2360,1662023,2012357,46.48
2361,2012357,1662023,46.48
2362,1668195,1668053,31.666666666666668
2363,1668053,1668195,31.666666666666668
2364,1662857,1663355,71.275
2365,1663355,1662857,71.275
2366,1662750,1662755,23.775
2367,1662755,1662750,38.04
2368,1662420,1662477,10.55
2369,1662477,1662420,10.55
2370,1662259,1662394,25.1
2371,1662394,1662259,25.1
2372,2004247,2011363,34.325
2373,2011363,2004247,34.325
2374,1662751,1662813,28.166666666666668
2375,1662813,1662751,28.403361344537814
2376,1663366,1663343,265.76666666666665
2377,1663343,1663366,187.6
2378,1662067,2012357,29.56
2379,2012357,1662067,29.56
2380,1662303,1662282,33.43333333333333
2381,1662282,1662303,33.43333333333333
2382,2005124,2016722,7.428571428571429
2383,2016722,2005124,6.5
2384,2176343,1663583,27.725
2385,1663583,2176343,35.02105263157895
2386,1662569,1662704,33.43333333333333
2387,1662704,1662569,33.43333333333333
2388,1663919,1663829,17.175
2389,1663829,1663919,17.175
2390,1661547,2013292,12.085714285714285
2391,2013292,1661547,12.085714285714285
2392,1663921,1663719,65.13333333333334
2393,1663719,1663921,65.13333333333334
2394,1679452,2011377,11.25
2395,2011377,1679452,11.25
2396,1663345,1663212,25.36
2397,1663212,1663345,15.85
2398,1662887,1662841,37.650000000000006
2399,1662841,1662887,25.1
2400,1679737,1662276,7.925
2401,1662276,1679737,7.925
2402,1661620,2013289,7.542857142857143
2403,2013289,1661620,7.542857142857143
2404,1662003,1662217,30.35
2405,1662217,1662003,53.955555555555556
2406,1679458,2011363,19.333333333333332
2407,2011363,1679458,14.5
2408,1662942,2020744,6.6
2409,2020744,1662942,6.6
2410,2020745,1662804,15.825
2411,1662804,2020745,15.825
2412,2020746,1662751,13.2
2413,1662751,2020746,13.2
2414,2020747,1663837,13.2
2415,1663837,2020747,13.2
2416,2020748,1663903,17.15
2417,1663903,2020748,17.15
2418,1663863,2020752,11.875
2419,2020752,1663863,11.875
2420,1663866,2020753,9.25
2421,2020753,1663866,9.25
2422,2020755,1664147,25.075
2423,1664147,2020755,25.075
2424,2020754,1663741,9.25
2425,1663741,2020754,9.25
2426,1662264,1662286,55.425
2427,1662286,1662264,73.9
2428,1679421,2023810,19.866666666666667
2429,2023810,1666509,39.96666666666667
2430,1666509,2023810,29.975
2431,2023810,1679421,14.9
2432,2023810,2023811,12.666666666666666
2433,2023811,2023810,12.666666666666666
2434,1667880,2023835,19.366666666666667
2435,2023835,1667830,4.688888888888889
2436,1667830,2023835,7.033333333333333
2437,2023835,1667880,19.366666666666667
2438,2023836,2023838,22.0
2439,2023838,2023836,22.0
2440,2023839,2023840,9.377777777777778
2441,2023840,2023839,10.55
2442,2023853,2023852,45.125
2443,2023852,2023853,45.125
2444,2023852,2023858,4.1
2445,2023858,2023852,4.1
2446,2023863,2023864,6.4
2447,2023864,2023863,6.4
2448,2023863,2023865,11.088888888888889
2449,2023865,2023863,11.088888888888889
2450,1677464,2023866,30.22222222222222
2451,2023866,1666506,61.28888888888889
2452,1666506,2023866,68.95
2453,2023866,1677464,34.0
2454,2023865,2023866,8.688888888888888
2455,2023866,2023865,8.688888888888888
2456,2005033,2024315,6.6
2457,2024315,2005030,26.4
2458,2005030,2024315,26.4
2459,2024315,2005033,6.6
2460,2005033,2016713,34.8
2461,2016713,2005033,34.8
2462,2024346,2024347,12.148148148148149
2463,2024347,2011622,40.68571428571428
2464,2011622,2024347,26.7
2465,2024347,2024346,8.2
2466,2182350,1662349,27.2
2467,1662349,2182350,22.82857142857143
2468,2026273,1661559,59.333333333333336
2469,1661559,2026273,50.857142857142854
2470,1661744,2026273,33.97142857142857
2471,2026273,1661744,33.97142857142857
2472,2026275,2026276,15.3
2473,2026276,2026275,13.114285714285714
2474,2026286,1661847,11.875
2475,1661847,2026286,11.875
2476,1661744,2026288,64.2
2477,2026288,1661744,64.2
2478,1661847,2026291,100.3
2479,2026291,1661847,9.25
2480,1662357,2180752,34.588235294117645
2481,2180752,2182350,19.885714285714286
2482,2182350,2180752,16.571428571428573
2483,2180752,1662357,30.0
2484,10464,2026299,14.857142857142858
2485,2026299,10464,14.857142857142858
2486,1668018,2023836,34.833333333333336
2487,2023836,1668018,34.833333333333336
2488,1679454,2023839,19.7
2489,2023839,1679454,19.7
2490,2004247,2023852,25.15
2491,2023852,2004247,33.53333333333333
2492,1665586,2023816,21.666666666666668
2493,2023816,1665586,21.666666666666668
2494,2026289,2026291,14.625
2495,2026291,2026289,14.625
2496,1665218,2030906,26.4
2497,2030906,1665218,26.4
2498,2030906,2030908,15.166666666666666
2499,2030908,2030906,15.166666666666666
2500,1667534,2030910,29.233333333333334
2501,2030910,1667544,27.1
2502,1667544,2030910,20.325
2503,2030910,1667534,29.233333333333334
2504,2030922,2030922,139.0
2505,1677469,2030909,7.888888888888889
2506,2030909,1677469,7.888888888888889
2507,2030910,2032361,17.966666666666665
2508,2032361,2030910,17.966666666666665
2509,1663470,2011622,42.25
2510,2011622,1663470,61.45454545454545
2511,1662946,2034246,2.8190476190476192
2512,2034246,2034248,3.730769230769231
2513,2034248,2034247,4.36
2514,2034247,1662946,3.090909090909091
2515,1663215,2034269,67.26829268292683
2516,2034269,1679706,72.27586206896552
2517,1679706,2034269,52.4
2518,2034269,1663215,49.25
2519,2034246,2034269,46.45
2520,2034269,2034246,63.251063829787235
2521,2034711,2031502,28.822222222222223
2522,2031502,2034711,28.822222222222223
2523,1662440,2036953,18.475
2524,2036953,1662440,18.475
2525,1662139,2036954,19.8
2526,2036954,1662139,19.8
2527,2036955,1661988,11.875
2528,1661988,2036955,11.875
2529,2036957,2008366,24.142857142857142
2530,2008366,2036957,24.142857142857142
2531,2036956,1661974,14.525
2532,1661974,2036956,14.525
2533,1662001,2036959,21.125
2534,2036959,1662001,21.125
2535,1661978,2036958,10.575
2536,2036958,1661978,10.575
2537,2037747,1662429,9.25
2538,1662429,2037747,9.25
2539,2034269,2041314,53.714285714285715
2540,2041314,2034269,23.5
2541,1662826,2041335,18.15
2542,2041335,1662826,29.04
2543,2041335,2041354,6.55
2544,2041354,2041335,6.55
2545,2041417,2041354,7.325
2546,2041354,2041417,7.325
2547,2041335,2041417,13.2
2548,2041417,2041335,13.2
2549,2041454,2041455,42.12
2550,2041455,2041454,30.085714285714285
2551,2041455,2041456,19.085714285714285
2552,2041456,2041455,19.085714285714285
2553,2041456,2041457,4.428571428571429
2554,2041457,2041456,4.428571428571429
2555,2041456,2041459,17.37142857142857
2556,2041459,2041456,17.37142857142857
2557,1661677,2041459,14.971428571428572
2558,2041459,1661966,30.45
2559,1661966,2041459,30.45
2560,2041459,1661677,14.971428571428572
2561,2042887,1667517,8.044444444444444
2562,1667517,2042887,9.05
2563,1663083,2046614,14.525
2564,2046614,1663083,14.525
2565,1663507,1663590,44.36
2566,1663590,1663507,27.725
2567,10523,1661946,64.85714285714286
2568,1661946,10523,56.75
2569,1663106,2046634,11.9
2570,2046634,1663106,11.9
2571,2046654,2005025,107.25
2572,2005025,2046654,107.25
2573,2046715,1662945,9.225
2574,1662945,2046715,9.225
2575,1663531,2046794,7.925
2576,2046794,1663531,7.925
2577,1663587,2046795,44.36
2578,2046795,1663587,27.725
2579,2046814,1663964,14.525
2580,1663964,2046814,14.525
2581,1663815,2046815,7.925
2582,2046815,1663815,7.925
2583,2046877,1663860,31.666666666666668
2584,1663860,2046877,31.666666666666668
2585,1663860,2046876,12.3
2586,2046876,1663860,12.3
2587,2012366,2049154,10.56
2588,2049154,2012366,10.56
2589,2012373,2049155,5.24
2590,2049155,2012373,5.24
2591,2012373,2049156,46.48
2592,2049156,2012373,46.48
2593,1662412,2051615,32.725
2594,2051615,1662406,14.8
2595,1662406,2051615,14.8
2596,2051615,1662412,32.725
2597,2023839,2051634,28.0
2598,2051634,2023839,28.0
2599,2051615,2051874,20.025
2600,2051874,2051615,20.025
2601,1661949,2051875,49.25
2602,2051875,1661949,49.25
2603,1662019,2052314,2.12
2604,2052314,1662138,27.44
2605,1662138,2052314,27.44
2606,2052314,1662019,2.12
2607,1662132,2052315,12.68
2608,2052315,1662075,8.44
2609,1662075,2052315,8.44
2610,2052315,1662132,12.68
2611,2058074,2058075,11.275
2612,2058075,2058074,11.275
2613,2058075,2058076,8.28
2614,2058076,2058075,5.175
2615,2058076,2058074,14.675
2616,2058074,2058076,14.675
2617,2041417,2058074,10.775
2618,2058074,2041417,10.775
2619,2215941,1662280,6.36
2620,1662280,2215941,6.36
2621,2059734,1663464,268.93043478260876
2622,1663464,2059734,257.725
2623,2059734,2059735,23.325
2624,2059735,2059734,23.325
2625,1662491,1662513,27.48
2626,1662513,1662491,27.48
2627,1662561,2067159,9.25
2628,2067159,1662561,9.25
2629,1662698,2067160,7.925
2630,2067160,1662698,7.925
2631,1662477,2067158,6.6
2632,2067158,1662477,6.6
2633,1663973,2067156,6.6
2634,2067156,1663973,6.6
2635,2023853,2070457,14.075
2636,2070457,2023853,14.075
2637,1676929,2082175,158.3
2638,2082175,2010162,74.0
2639,2010162,2082175,74.0
2640,2082175,1676929,158.3
2641,2082175,2082176,31.8
2642,2082176,2082175,31.8
2643,1666587,1666593,27.0
2644,1666593,1666587,27.0
2645,2041354,2082274,19.3
2646,2082274,2041354,19.3
2647,2058076,2097714,6.65
2648,2097714,2082274,12.622222222222222
2649,2082274,2097714,7.1
2650,2097714,2058076,6.65
2651,2082274,2097715,19.742857142857144
2652,2097715,2082274,17.275
2653,1661668,2114954,39.17142857142857
2654,2114954,1661668,39.17142857142857
2655,2114954,2114975,5.914285714285715
2656,2114975,2114954,5.914285714285715
2657,2114975,2115036,7.371428571428571
2658,2115036,2114975,7.371428571428571
2659,2115036,2115078,13.48
2660,2115078,2115036,9.628571428571428
2661,2116934,1666385,6.622222222222222
2662,1666385,2116934,6.622222222222222
2663,1679419,2113316,19.366666666666667
2664,2113316,1679419,19.366666666666667
2665,2023865,2113314,12.11111111111111
2666,2113314,2023865,12.11111111111111
2667,2115078,2120494,13.542857142857143
2668,2120494,2115078,13.542857142857143
2669,2041455,2120514,9.057142857142857
2670,2120514,2041455,9.057142857142857
2671,2041455,2120534,11.6
2672,2120534,2041455,11.6
2673,2129751,2129941,17.82857142857143
2674,2129941,2129751,17.82857142857143
2675,2129741,2129941,6.057142857142857
2676,2129941,2129741,6.057142857142857
2677,2136381,2131922,17.833333333333332
2678,2131922,2136381,17.833333333333332
2679,2131984,2131986,7.2
2680,2131986,2131984,7.2
2681,2131986,2132001,8.2
2682,2132001,2131986,12.3
2683,1661878,1661882,10.566666666666666
2684,1661882,1661878,10.566666666666666
2685,1662290,1661878,258.73333333333335
2686,1661878,1662290,182.63529411764705
2687,2132724,2024139,67.64444444444445
2688,2024139,2132724,67.64444444444445
2689,2120534,2129741,27.52
2690,2129741,2120534,19.65714285714286
2691,2120534,2129751,9.771428571428572
2692,2129751,2120534,9.771428571428572
2693,2113316,2131984,21.733333333333334
2694,2131984,2113316,21.733333333333334
2695,2136381,2136382,11.4
2696,2136382,2136381,11.4
2697,2136382,2136383,6.033333333333333
2698,2136383,2136382,6.033333333333333
2699,1666938,2136381,23.833333333333332
2700,2136381,1666938,23.833333333333332
2701,1679415,2131984,36.93333333333333
2702,2131984,1679415,36.93333333333333
2703,1665653,2131986,24.333333333333332
2704,2131986,1665653,16.22222222222222
2705,10695,2113335,21.11111111111111
2706,2113335,10695,21.11111111111111
2707,2023864,2132061,17.6
2708,2132061,2023864,17.6
2709,1665652,1679415,28.166666666666668
2710,1679415,1665652,28.166666666666668
2711,1679419,1679415,24.633333333333333
2712,1679415,1679419,24.633333333333333
2713,1663464,2155563,3.3333333333333335
2714,2155563,1663588,19.533333333333335
2715,1663588,2155563,19.533333333333335
2716,2155563,1663464,3.3333333333333335
2717,2156701,2156702,5.485714285714286
2718,2156702,2156701,5.485714285714286
2719,2156702,2156721,6.514285714285714
2720,2156721,2156702,6.514285714285714
2721,2156721,2156722,12.285714285714286
2722,2156722,2156721,12.285714285714286
2723,2156702,2156722,49.03529411764706
2724,2156722,2156702,29.771428571428572
2725,2120494,2156722,7.142857142857143
2726,2156722,2120494,7.142857142857143
2727,2120494,2156741,6.685714285714286
2728,2156741,2120494,6.685714285714286
2729,2156763,2156781,3.5714285714285716
2730,2156781,2156763,3.5714285714285716
2731,2156781,2156782,5.771428571428571
2732,2156782,2156781,5.771428571428571
2733,1661556,2156821,15.142857142857142
2734,2156821,2041454,15.142857142857142
2735,2041454,2156821,15.142857142857142
2736,2156821,1661556,19.272727272727273
2737,2156781,2156821,4.885714285714286
2738,2156821,2156781,4.885714285714286
2739,2157021,2157021,14.742857142857142
2740,2114954,2156701,20.771428571428572
2741,2156701,2114954,20.771428571428572
2742,2114975,2156702,18.62857142857143
2743,2156702,2114975,18.62857142857143
2744,2115078,2156721,6.514285714285714
2745,2156721,2115078,6.514285714285714
2746,2115036,2156741,11.371428571428572
2747,2156741,2115036,11.371428571428572
2748,2129741,2156763,7.742857142857143
2749,2156763,2129741,7.742857142857143
2750,2129941,2156782,11.6
2751,2156782,2129941,11.6
2752,2129751,2157021,4.542857142857143
2753,2157021,2129751,4.542857142857143
2754,1662349,2157102,78.52
2755,2157102,1662349,49.075
2756,1662192,1662201,11.818181818181818
2757,1662201,1662192,13.0
2758,1662201,1662209,12.10909090909091
2759,1662209,1662201,13.32
2760,1662209,1662225,7.809523809523809
2761,1662225,1662209,8.2
2762,1662225,1662251,15.963636363636363
2763,1662251,1662225,17.56
2764,1662251,1662280,9.345454545454546
2765,1662280,1662251,10.28
2766,1662280,1662307,11.563636363636364
2767,1662307,1662280,12.72
2768,1662307,1662353,8.48
2769,1662353,1662307,8.48
2770,1662433,1662482,17.694915254237287
2771,1662482,1662433,20.88
2772,10668,1663464,54.46666666666667
2773,1663464,10668,81.7
2774,1663464,1663569,38.55555555555556
2775,1663569,1663464,57.833333333333336
2776,10698,10695,79.46666666666667
2777,10695,10698,79.46666666666667
2778,10695,10691,60.22222222222222
2779,10691,10695,60.22222222222222
2780,10691,1663401,73.7948717948718
2781,1663401,10691,63.955555555555556
2782,1663401,1663394,12.094117647058823
2783,1663394,1663401,11.422222222222222
2784,1663394,1663378,20.575
2785,1663378,1663394,18.288888888888888
2786,1663358,2176343,1.9450980392156862
2787,2176343,1663358,1.55
2788,1663345,1663358,54.93407821229051
2789,1663320,2176384,1.9764705882352942
2790,2176384,1663320,1.575
2791,2176406,1663327,9.9
2792,2176406,1663329,6.35
2793,1663329,2176407,2.066666666666667
2794,2176407,1663328,2.0
2795,2176407,15381,35.95034482758621
2796,15381,2176544,1.45
2797,2176544,1663087,88.86666666666666
2798,2026253,2176582,73.625
2799,1663328,2176582,70.12765957446808
2800,2176608,2176609,26.255421686746992
2801,2176609,2176642,42.78947368421053
2802,2176642,2176544,6.76
2803,2176544,15381,1.7454545454545454
2804,2176608,1663087,82.88607594936708
2805,2176609,2034248,57.94285714285714
2806,2180634,2180701,34.125
2807,2180701,2217756,14.03076923076923
2808,2026279,2026280,92.45
2809,2026262,2026263,99.6
2810,2026279,2180748,41.23076923076923
2811,2180748,2180750,13.073684210526315
2812,2026262,2182348,32.9
2813,2182348,2182349,14.9
2814,2216703,1662433,26.072727272727274
2815,1662433,2216703,28.68
2816,1663439,1663611,21.125
2817,1663611,1663439,21.125
2818,1663611,1663661,9.25
2819,1663661,1663611,9.25
2820,1666506,2204544,16.444444444444443
2821,2204544,1679421,91.5
2822,1679421,2204544,74.86363636363636
2823,2204544,1666506,18.5
2824,2023864,2204561,60.0
2825,2204561,2113316,17.266666666666666
2826,2113316,2204561,17.266666666666666
2827,2204561,2023864,40.0
2828,2204561,2204562,23.6
2829,2204562,2204561,23.6
2830,2204563,2204581,5.688888888888889
2831,2204581,2204563,5.688888888888889
2832,2204563,2204582,11.422222222222222
2833,2204582,2204563,11.422222222222222
2834,2204582,2204584,6.488888888888889
2835,2204584,2204582,6.488888888888889
2836,2204585,1668439,20.977777777777778
2837,1668439,2204585,20.977777777777778
2838,2204582,2204585,10.2
2839,2204585,2204582,10.2
2840,2212301,2212302,10.04
2841,2212302,2212301,7.171428571428572
2842,2212302,2212303,6.3428571428571425
2843,2212303,2212302,6.3428571428571425
2844,2212303,2212306,10.057142857142857
2845,2212306,2212303,10.057142857142857
2846,2215504,2215505,8.555555555555555
2847,2215505,2215504,8.555555555555555
2848,2132061,2215504,15.177777777777777
2849,2215504,2132061,15.177777777777777
2850,2023836,2204563,22.044444444444444
2851,2204563,2023836,33.06666666666667
2852,2156722,2212301,33.84
2853,2212301,2156722,24.17142857142857
2854,2156741,2212301,37.72
2855,2212301,2156741,26.942857142857143
2856,1662201,2215941,50.72
2857,2215941,1662201,50.72
2858,1662430,2216703,11.32
2859,2216703,1662430,11.32
2860,1662353,2216703,9.037500000000001
2861,2216703,1662353,9.64
2862,1662252,2216703,56.84
2863,2216703,1662252,56.84
2864,2217756,2026275,4.428571428571429
2865,2026275,2217756,4.428571428571429
2866,2026273,2217756,13.8
2867,2217756,2026273,11.82857142857143
2868,2213962,2246581,32.15555555555556
2869,2246581,2213962,32.15555555555556
2870,2212303,2243561,27.057142857142857
2871,2243561,2212303,37.88
2872,2212302,2243561,30.92
2873,2243561,2212302,22.085714285714285
2874,2212301,2243561,52.28
2875,2243561,2212301,37.34285714285714
2876,1661959,2252501,6.56
2877,2252501,1662093,29.36
2878,1662093,2252501,29.36
2879,2252501,1661959,6.56
2880,2270085,1661973,9.25
2881,1661973,2270085,9.25
2882,1661973,2270162,18.7
2883,2270162,1661973,18.7
2884,2270162,2270164,16.05
2885,2270164,2270162,16.05
2886,2270164,2270165,6.25
2887,2270165,2270164,6.25
2888,2270164,2270181,13.95
2889,2270181,2270164,13.95
2890,1667529,2270241,44.06666666666667
2891,2270241,2204585,53.46666666666667
2892,2204585,2270241,53.46666666666667
2893,2270241,1667529,44.06666666666667
2894,2270241,2270242,15.955555555555556
2895,2270242,2270241,15.955555555555556
2896,2270242,2270243,13.422222222222222
2897,2270243,2270242,13.422222222222222
2898,2270242,2270244,15.044444444444444
2899,2270244,2270242,15.044444444444444
2900,1662235,2272849,14.8
2901,2272849,1662235,14.8
2902,2272850,2272854,45.48
2903,2272854,2272850,45.48
2904,2272854,2272856,6.2
2905,2272856,2272854,6.2
2906,2272854,2272857,35.0
2907,2272857,2272854,35.0
2908,2272857,2272858,16.0
2909,2272858,2272857,16.0
2910,2272857,2272859,6.32
2911,2272859,2272857,6.32
2912,2272857,2272861,27.64
2913,2272861,2272857,27.64
2914,1661949,2016058,19.025
2915,2016058,1661949,19.025
2916,1661949,2270085,33.075
2917,2270085,1661949,33.075
2918,2215504,2270201,16.711111111111112
2919,2270201,2215504,16.711111111111112
2920,2132061,2270201,32.82222222222222
2921,2270201,2132061,32.82222222222222
2922,1663862,2024346,29.169811320754718
2923,2024346,1663862,19.325
2924,2041417,2097714,18.475
2925,2097714,2041417,18.475
2926,2252501,2272850,31.96
2927,2272850,2252501,31.96
2928,1661833,10492,119.42222222222222
2929,10492,1661833,179.13333333333333
2930,1662064,10503,71.94545454545454
2931,10503,1662064,87.93333333333334
2932,2026332,2180633,99.9
2933,2180634,2026268,95.3
2934,1662482,1662528,13.571428571428571
2935,1662528,1662482,15.833333333333334
2936,1662528,10668,165.76470588235293
2937,10668,1662528,234.83333333333334
2938,1663569,10698,162.6
2939,10698,1663569,243.9
2940,1663378,2176343,36.698412698412696
2941,1663358,1663378,36.225
2942,1666506,2156912,56.2
2943,2156912,1666506,49.955555555555556
2944,2290837,2176407,9.750000000000002
2945,1663327,2290838,4.0
2946,2290837,2290838,1.575
2947,2290838,2290837,1.575
2948,2290838,2290839,18.4
2949,2290839,1663320,14.458181818181819
2950,2176384,2290840,15.2
2951,2290840,2290837,17.176470588235293
2952,2290840,2290839,1.575
2953,2290839,2290840,1.575
2954,2176343,2290881,73.0
2955,2290881,2176384,13.39930795847751
2956,1663320,2290882,13.342857142857143
2957,2290882,1663345,16.425
2958,2290881,2290882,1.575
2959,2290882,2290881,1.575
2960,1662811,2030922,39.733333333333334
2961,2030922,1662811,39.733333333333334
2962,1663343,2296035,43.7
2963,2296035,1663343,43.7
2964,1663516,2296035,49.56666666666667
2965,2296035,1663516,49.56666666666667
2966,1663661,2299535,14.066666666666666
2967,2299535,1663661,14.066666666666666
2968,1664483,2303275,3.8444444444444446
2969,2303275,1678985,10.244444444444444
2970,1678985,2303275,10.244444444444444
2971,2303275,1664483,3.8444444444444446
2972,1665113,2304217,27.266666666666666
2973,2304217,1664797,16.733333333333334
2974,1664797,2304217,16.733333333333334
2975,2304217,1665113,27.266666666666666
2976,1679421,2304235,17.766666666666666
2977,2304235,1679421,17.766666666666666
2978,2304235,2304237,9.0
2979,2304237,2304235,9.0
2980,2304235,2304238,16.733333333333334
2981,2304238,2304235,16.733333333333334
2982,2136383,2304235,35.766666666666666
2983,2304235,2136383,35.766666666666666
2984,2304255,2304256,27.066666666666666
2985,2304256,2304255,27.066666666666666
2986,2304256,2304257,15.433333333333334
2987,2304257,2304256,15.433333333333334
2988,2304257,2304258,9.033333333333333
2989,2304258,2304257,9.033333333333333
2990,2304258,2304259,11.333333333333334
2991,2304259,2304258,11.333333333333334
2992,2304258,2304260,23.5
2993,2304260,2304258,23.5
2994,2304257,2304261,5.0
2995,2304261,2304257,5.0
2996,2304262,1666737,33.03333333333333
2997,1666737,2304262,33.03333333333333
2998,2304262,2304263,34.2
2999,2304263,2304262,34.2
3000,1667291,2304263,29.6
3001,2304263,1667291,29.6
3002,1667532,2304295,29.57777777777778
3003,2304295,1667532,29.57777777777778
3004,1667108,2304295,22.044444444444444
3005,2304295,1667108,22.044444444444444
3006,1667108,2304296,54.9
3007,2304296,1667108,36.6
3008,2304296,2304297,32.4
3009,2304297,2304296,32.4
3010,2304296,2304315,30.7
3011,2304315,1667202,9.433333333333334
3012,1667202,2304315,9.433333333333334
3013,2304315,2304296,30.7
3014,2304316,2304256,13.466666666666667
3015,2304256,2304316,13.466666666666667
3016,2304316,2304317,18.6
3017,2304317,2304316,18.6
3018,1667534,2304337,10.777777777777779
3019,2304337,1667534,16.166666666666668
3020,2304337,2304338,14.7
3021,2304338,2304337,9.8
3022,2304337,2304339,1.3111111111111111
3023,2304339,2304337,1.3111111111111111
3024,2304295,2304297,49.86666666666667
3025,2304297,2304295,33.24444444444445
3026,1667203,2304316,37.63333333333333
3027,2304316,1667203,37.63333333333333
3028,2304316,2306975,10.366666666666667
3029,2306975,2304316,10.366666666666667
3030,2307015,2307016,5.3
3031,2307016,2307015,5.3
3032,2307016,2304255,14.633333333333333
3033,2304255,2307016,14.633333333333333
3034,2304255,2304315,27.7
3035,2304315,2304255,27.7
3036,2136382,2304255,51.733333333333334
3037,2304255,2136382,51.733333333333334
3038,1667066,2307015,19.466666666666665
3039,2307015,1667066,19.466666666666665
3040,2304217,2307063,31.533333333333335
3041,2307063,2304217,31.533333333333335
3042,2307063,2307064,27.866666666666667
3043,2307064,2307063,27.866666666666667
3044,1665113,1665116,66.86666666666666
3045,1665116,1665113,66.86666666666666
3046,1664797,2307115,14.066666666666666
3047,2307115,1664563,33.46666666666667
3048,1664563,2307115,33.46666666666667
3049,2307115,1664797,14.066666666666666
3050,1661746,1661526,95.04
3051,1661526,1661746,95.04
3052,2176642,2312017,6.7368421052631575
3053,2312017,1663328,31.933333333333334
3054,15377,2312116,0.75
3055,2312116,2182527,46.96
3056,2182353,2312117,48.0
3057,2312117,15378,1.6857142857142857
3058,15378,2312118,0.75
3059,2312118,2182518,59.45
3060,2182528,2312119,44.175
3061,2312119,15377,0.975
3062,2312125,2182701,45.666666666666664
3063,2180748,2312956,8.0
3064,2312956,2180752,2.2
3065,2180752,2312957,0.8571428571428571
3066,2312957,2026280,57.8
3067,2182348,2312958,9.742857142857142
3068,2312958,2182350,1.3714285714285714
3069,2182350,2312959,2.2857142857142856
3070,2312959,2026263,54.95
3071,2026275,2312960,1.4285714285714286
3072,2312960,2026268,58.08571428571429
3073,2180701,2312961,9.428571428571429
3074,2312961,2026275,0.8285714285714286
3075,2026332,2312962,53.42857142857143
3076,2312962,2026276,1.1428571428571428
3077,2026276,2312963,1.1428571428571428
3078,2312963,2180633,51.15
3079,2182524,2314835,30.375
3080,2314835,2182528,9.55
3081,2182353,2314836,100.775
3082,2314836,2182518,6.1
3083,2314835,2314836,1.8
3084,2314836,2314835,1.8
3085,1663329,1663327,4.425
3086,1662177,10503,12.472727272727273
3087,10503,1662177,13.72
3088,1663087,2026262,29.95
3089,2026263,2180634,29.25
3090,2180633,2026279,36.75
3091,2026280,2026253,25.525
3092,2026253,2176406,60.87741935483871
3093,2176582,2182353,7.825
3094,2182527,2176608,4.2
3095,2182528,2182527,91.325
3096,1667520,2332015,33.6
3097,2332015,1667529,26.244444444444444
3098,1667529,2332015,26.244444444444444
3099,2332015,1667520,33.6
3100,1664486,2332124,23.266666666666666
3101,2332124,1664489,77.64444444444445
3102,1664489,2332124,99.82857142857142
3103,2332124,1664486,23.266666666666666
3104,2332125,1665132,45.08888888888889
3105,1665132,2332125,45.08888888888889
3106,1666240,1666112,35.2
3107,1666112,1666240,35.2
3108,2030906,1665466,24.633333333333333
3109,1665466,2030906,24.633333333333333
3110,2023863,1677469,11.733333333333333
3111,1677469,2023863,11.733333333333333
3112,1662247,2270162,25.075
3113,2270162,1662247,25.075
3114,1662404,2059734,33.0
3115,2059734,1662404,33.0
3116,1662374,1662538,54.92
3117,1662538,1662374,54.92
3118,1662538,1662811,46.48
3119,1662811,1662538,46.48
3120,1661802,2008366,21.114285714285714
3121,2008366,1661802,18.475
3122,1661551,1661549,1.5142857142857142
3123,1661549,1661551,1.5142857142857142
3124,1679723,2016715,67.325
3125,2016715,1679723,67.325
3126,1663276,1663210,40.12
3127,1663210,1663276,25.075
3128,1661558,1661551,9.057142857142857
3129,1661551,1661558,9.057142857142857
3130,2016715,2005025,31.65714285714286
3131,2005025,2016715,27.7
