REF_SITE_FROM_ID,REF_SITE_TO_ID,season,INJSVR,DOCTNMBR
10464,1661744,summer,O,1
1661884,1661805,winter,A,1
1661887,1661805,summer,O,1
1662001,1662000,summer,O,1
1662003,1662001,fall,B,1
1662149,1662070,fall,O,1
1662121,10503,fall,O,1
1662179,1662178,fall,O,1
1662181,1662179,fall,O,1
1662192,1662183,summer,O,1
1662209,1662154,summer,O,1
1662164,1662239,spring,O,1
1662353,1662244,fall,O,1
1662324,1662314,fall,O,1
1662349,10523,fall,A,1
1662349,10523,fall,O,2
1662349,10523,summer,O,1
1662349,10523,winter,C,1
1662349,10523,winter,O,1
10523,1662358,fall,C,1
10523,1662358,fall,O,2
10523,1662358,summer,O,2
10523,1662358,winter,O,2
1662382,1662381,summer,O,1
1662382,1662381,winter,O,1
1662386,1662382,fall,B,1
1662388,1662386,fall,O,1
1662290,1662407,spring,B,1
1662290,1662407,spring,O,2
1662290,1662407,summer,C,1
1662290,1662407,winter,A,1
1662290,1662407,winter,O,1
1662409,1662343,winter,O,1
1662406,1662342,winter,O,1
1662358,1662394,fall,O,1
1662358,1662394,spring,O,1
1662358,1662394,summer,O,1
1662303,1662416,fall,O,1
1662303,1662416,spring,O,5
1662303,1662416,summer,B,1
1662303,1662416,summer,O,2
1662303,1662416,winter,B,1
1662303,1662416,winter,O,1
1662416,1662220,fall,C,1
1662482,1662252,spring,O,1
1662482,1662252,winter,O,1
1662416,1662439,fall,O,2
1662416,1662439,winter,O,1
1662394,1662465,summer,C,1
1662394,1662465,summer,O,1
1662439,1662460,summer,O,1
1662465,1662509,fall,B,1
1662465,1662509,fall,C,1
1662465,1662509,fall,O,2
1662465,1662509,spring,C,3
1662465,1662509,spring,O,3
1662465,1662509,summer,O,2
1662510,1662514,fall,O,1
1662510,1662514,spring,O,1
1662510,1662514,summer,A,1
1662510,1662514,summer,O,4
1662349,1662514,fall,O,1
1662362,1662565,winter,O,1
1662536,1662569,winter,O,1
1662453,1662596,summer,O,1
1662569,1662604,summer,O,1
1662509,1662715,fall,B,2
1662509,1662715,fall,C,2
1662509,1662715,fall,O,1
1662509,1662715,spring,A,1
1662509,1662715,spring,O,3
1662509,1662715,summer,C,3
1662509,1662715,summer,O,3
1662509,1662715,winter,A,1
1662509,1662715,winter,O,5
1662735,1662731,spring,O,1
1662453,1662735,winter,O,1
1662752,1662715,fall,O,2
1662752,1662715,summer,O,1
1662752,1662715,winter,O,1
1662514,1662755,winter,C,1
1662694,1662753,winter,O,1
1662732,1662753,summer,O,1
1662732,1662753,winter,O,1
1662704,1662751,summer,B,1
1662704,1662751,winter,O,1
1662753,1662756,spring,C,1
1662756,1662752,spring,O,1
1662722,1662823,summer,O,1
1662715,1662794,fall,C,1
1662715,1662794,fall,O,2
1662715,1662794,spring,A,1
1662715,1662794,spring,O,1
1662715,1662794,summer,O,2
1662715,1662794,winter,B,1
1662715,1662794,winter,O,2
1662381,1662826,spring,O,1
1662381,1662826,winter,O,2
1662752,1662816,winter,O,1
1662734,1662839,summer,O,1
1662794,1662835,fall,B,1
1662794,1662835,fall,C,3
1662794,1662835,fall,O,2
1662794,1662835,spring,B,3
1662794,1662835,spring,C,1
1662794,1662835,spring,O,7
1662794,1662835,summer,C,1
1662794,1662835,summer,O,5
1662794,1662835,winter,B,1
1662794,1662835,winter,C,1
1662794,1662835,winter,O,5
1662837,1662813,fall,O,2
1662837,1662813,spring,O,2
1662837,1662813,summer,K,1
1662837,1662813,summer,O,1
1662835,1662843,fall,A,1
1662835,1662843,fall,C,3
1662835,1662843,fall,O,2
1662835,1662843,spring,C,1
1662835,1662843,spring,O,2
1662835,1662843,summer,B,1
1662835,1662843,summer,O,1
1662835,1662843,winter,O,3
1662813,1662887,fall,O,6
1662813,1662887,summer,O,3
1662813,1662887,winter,C,1
1662813,1662887,winter,O,2
1662914,1662835,fall,O,2
1662914,1662835,spring,O,1
1662914,1662835,summer,O,3
1662914,1662835,winter,O,2
1662843,1662933,summer,O,2
1662843,1662933,winter,O,2
1662922,1662933,winter,O,1
1662964,1662902,fall,B,1
1662964,1662902,spring,O,1
1662964,1662902,summer,O,1
1662933,1662944,spring,O,1
1662961,1662942,fall,O,1
1663012,1662909,summer,O,1
1663014,1663012,fall,C,1
1663014,1663012,summer,O,1
1663014,1663012,winter,O,1
1663014,2034247,fall,O,1
1663014,2034247,spring,O,1
1663014,2034247,winter,O,2
1663010,1663032,winter,O,1
1662967,1663032,winter,O,1
1662887,1663059,spring,C,1
1662887,1663059,summer,B,1
1662887,1663059,summer,O,1
1663072,1663010,fall,C,1
1663072,1663010,spring,O,1
1663072,1663010,winter,O,3
1663076,1663079,fall,B,1
1663076,1663079,spring,O,1
1662945,1663079,spring,O,1
1662945,1663079,summer,O,1
1663072,1663081,spring,C,1
1663072,1663081,winter,O,1
1663083,1663072,winter,O,2
1662933,1663090,spring,O,1
1662933,1663090,summer,O,1
1663059,1663090,fall,O,1
1663059,1663090,summer,B,1
1663059,1663090,summer,O,3
1663059,1663090,winter,O,1
1663106,1663014,winter,O,2
1663144,1663139,fall,O,1
1663144,1663139,spring,O,1
1663144,1663139,winter,O,1
1663079,1663144,summer,O,1
1663079,1663144,winter,O,1
1663149,1663144,fall,O,1
1663149,1663144,spring,O,1
1663079,1663149,fall,O,5
1663079,1663149,spring,O,2
1663079,1663149,summer,O,2
1663079,1663149,winter,O,3
1663160,1663012,winter,O,1
1663164,1663106,winter,O,1
1663180,1662964,fall,O,1
1663180,1662964,spring,A,1
1663210,1662899,winter,O,1
1663203,1663208,spring,O,1
1663203,1663208,winter,C,1
1663144,1663208,summer,C,1
1663144,1663208,summer,O,1
1663149,1663218,spring,O,1
1663218,1663224,spring,O,1
1663160,1663224,winter,O,1
1663216,1663207,fall,C,1
1663228,1663072,spring,O,1
1663228,1663072,summer,O,1
1663294,1663291,fall,C,1
1663294,1663291,fall,O,3
1663294,1663291,spring,C,1
1663294,1663291,spring,O,1
1663294,1663291,summer,A,1
1663294,1663291,summer,C,2
1663294,1663291,summer,O,5
1663294,1663291,winter,O,1
1663208,1663294,fall,O,1
1663291,1663292,fall,O,1
1663291,1663292,spring,O,3
1663291,1663292,summer,O,2
1663291,1663292,winter,O,3
1663366,10668,winter,O,1
1663314,1663229,fall,B,1
1663314,1663229,fall,O,4
1663314,1663229,spring,O,3
1663314,1663229,summer,B,1
1663314,1663229,summer,O,1
1663314,1663229,winter,O,1
1663276,1663358,spring,O,1
1663276,1663358,summer,O,2
1663059,1663352,fall,B,1
1663059,1663352,fall,O,1
1663059,1663352,winter,O,1
1663351,1663352,fall,B,1
1663351,1663352,fall,O,2
1663351,1663352,summer,B,1
1663351,1663352,summer,O,1
1663351,1663352,winter,B,1
1663352,1663355,fall,O,1
1663344,1663374,fall,B,1
1663344,1663374,fall,O,2
1663344,1663374,spring,O,2
1663344,1663374,summer,O,1
1663344,1663374,winter,O,1
1663375,1663292,fall,O,1
1663375,1663292,winter,O,1
1663299,1663377,fall,O,2
1663299,1663377,spring,O,2
1663390,1663314,fall,O,1
1663390,1663314,spring,O,1
1663390,1663314,summer,O,1
1663390,1663314,winter,O,1
1663319,1663395,spring,O,1
1663319,1663395,summer,O,2
1663319,1663395,winter,O,1
1663422,1663390,summer,O,1
1663395,1663422,fall,O,1
1663395,1663422,summer,O,1
1663374,1663430,spring,A,1
1663374,1663430,spring,O,1
1663374,1663430,summer,O,1
1663374,1663430,winter,O,1
1663438,1663361,winter,O,1
1663446,1663449,fall,O,1
1663452,1663450,spring,O,1
1663422,1663455,fall,B,1
1663422,1663455,fall,O,1
1663422,1663455,spring,B,1
1663422,1663455,spring,O,1
1663422,1663455,summer,C,1
1663422,1663455,summer,O,2
1663422,1663455,winter,O,2
1663507,1663422,summer,O,2
1663510,1663498,fall,O,1
1663510,1663498,spring,O,2
1663510,1663498,summer,O,1
1663510,1663498,winter,A,1
1663438,1663515,winter,O,1
1663430,1663515,winter,O,1
1663508,1663553,winter,O,1
1663578,1663577,spring,O,1
1663584,1663581,spring,O,1
1663584,1663581,summer,O,2
1663590,1663587,fall,O,1
1663590,1663587,spring,O,1
1663590,1663587,summer,O,1
1663601,1663507,fall,O,1
1663510,1663665,fall,O,1
1663510,1663665,summer,C,1
1663515,1663661,spring,O,1
1663569,1663739,fall,O,1
1663663,1663737,spring,O,1
1663663,1663737,winter,O,1
1663737,1663675,winter,O,1
1663818,1663652,winter,C,1
1663830,1663777,winter,O,1
1663921,1663366,fall,O,1
1663570,1663873,fall,B,1
1663570,1663873,fall,C,1
1663570,1663873,fall,O,1
1663570,1663873,winter,O,3
10698,1663943,spring,O,1
1663549,1663992,summer,O,1
1663968,1663818,spring,O,1
1663968,1663818,winter,C,1
1663981,1663862,spring,O,2
1663981,1663862,winter,C,1
1663981,1663862,winter,O,1
1663980,1663830,summer,O,1
1663972,1664009,summer,O,1
1663972,1664009,winter,O,1
1664019,1663861,fall,B,1
1664019,1663861,fall,O,1
1664019,1663861,spring,O,2
1664019,1663861,summer,C,1
1664019,1663861,summer,O,1
1664019,1663861,winter,O,2
1664013,1663818,fall,O,1
1664013,1663818,spring,O,1
1664013,1663818,summer,O,2
1664013,1663818,winter,O,1
1664021,1664013,spring,O,1
1664021,1664013,summer,O,1
1664038,1664051,winter,O,1
1664159,1664122,summer,O,1
1664190,1664247,spring,O,1
1664271,1664290,summer,O,1
1664271,1664290,winter,C,1
1664328,1664255,fall,O,2
1664328,1664255,spring,O,1
1664328,1664255,winter,B,1
1663739,1664487,spring,O,1
1663739,1664487,summer,C,1
1663739,1664487,winter,B,1
1663739,1664487,winter,O,1
1663943,1664489,spring,O,3
1664482,1664355,summer,O,1
1664489,1665133,fall,B,1
1665482,1665153,winter,O,1
1663992,1666465,spring,O,1
1663992,1666465,winter,B,1
1666500,1665823,winter,O,1
1666588,1666511,winter,O,1
1666587,1666506,summer,O,2
1666509,1666684,summer,O,1
1666509,1666684,winter,B,1
1666737,1666512,fall,O,1
1666737,1666512,spring,C,1
1667037,1666485,fall,O,2
1667037,1666485,summer,B,1
1667037,1666485,winter,O,1
1667108,1666587,summer,O,1
1667144,1667503,fall,B,1
1667144,1667503,winter,O,1
1667503,1667518,winter,K,1
1667503,1667518,winter,O,1
1667518,1667498,winter,O,1
1668103,1667899,fall,O,1
1668103,1667899,winter,O,1
1661946,10464,fall,O,1
1662510,10523,spring,C,1
1662510,10523,summer,B,1
1662510,10523,summer,O,1
1662510,10523,winter,O,1
1662750,1662510,fall,O,2
1662750,1662510,spring,O,2
1662750,1662510,summer,C,1
1662946,1662750,fall,O,1
1662946,1662750,spring,B,1
1662946,1662750,spring,O,1
1662946,1662750,summer,O,1
1663328,1663329,fall,B,1
1663328,1663329,spring,O,1
1663328,1663329,winter,C,1
1663328,1663329,winter,O,1
1666947,1667144,winter,O,1
1666498,1666947,fall,O,3
1666498,1666947,winter,B,1
1666498,1666947,winter,C,1
1666498,1666947,winter,O,1
1667783,1667771,spring,C,1
1667783,1667771,winter,O,1
1666485,1666480,spring,C,1
1666485,1666480,spring,O,2
1666485,1666480,summer,O,1
1666485,1666480,winter,O,2
1666490,1666494,fall,C,1
1666490,1666494,winter,O,2
1667949,1667503,spring,O,1
1666589,1666485,spring,O,1
1666589,1666485,summer,B,1
1664722,1664761,spring,O,1
1663075,1663632,winter,O,1
1664156,1663981,fall,C,1
1664156,1663981,spring,O,1
1663717,1663870,spring,C,1
1663717,1663870,winter,O,1
1663870,1664144,spring,O,1
1663687,1663689,summer,O,1
1663297,1663228,fall,O,3
1663297,1663228,summer,O,1
1663297,1663228,winter,O,2
1662582,1662460,summer,O,1
1662837,1662887,fall,O,1
1662837,1662887,summer,B,1
1661560,1661556,fall,C,1
1661560,1661556,winter,O,2
1662403,1662400,fall,O,1
1662403,1662400,spring,O,1
1662403,1662400,winter,O,2
1662400,1662395,fall,C,1
1666025,1666512,winter,C,1
1662235,1662321,spring,O,1
1662178,1662177,winter,O,1
1662120,1662079,summer,O,1
1662204,1662175,summer,O,1
1662303,1662429,fall,O,1
1662303,1662429,summer,O,1
1662303,1662429,winter,O,2
1662460,1662569,fall,O,1
1662460,1662569,spring,O,1
1662460,1662569,summer,O,2
1662460,1662569,winter,C,1
1662460,1662569,winter,O,1
1663212,1663215,fall,O,2
1663212,1663215,summer,B,1
1663212,1663215,summer,O,3
1663212,1663215,winter,C,1
1663212,1663215,winter,O,2
1662509,1662561,fall,O,1
1662803,1662945,summer,O,1
1662804,1662803,winter,O,1
1664052,1663998,summer,O,1
1662100,1662067,spring,O,1
1662155,1662074,spring,O,1
1662155,1662074,winter,O,1
1662357,1662463,summer,O,1
1662357,1662463,winter,B,1
1662372,1662357,summer,B,1
1662372,1662357,summer,O,1
1662372,1662357,winter,O,2
1662372,1662462,fall,B,1
1662372,1662462,fall,O,1
1662372,1662462,summer,O,1
1662813,1662784,fall,O,1
1662813,1662784,summer,O,1
1663293,1663344,fall,C,1
1663293,1663344,spring,C,2
1663293,1663344,spring,O,2
1663293,1663344,summer,O,2
1663293,1663344,winter,O,2
1663583,1663604,winter,O,2
1663710,1663604,winter,O,1
1663531,1663584,spring,O,1
1668103,1668551,spring,O,1
1662433,1662417,fall,O,1
1662433,1662417,winter,O,1
1661729,1662290,spring,O,1
1661729,1662290,winter,O,2
1661584,1662386,fall,O,1
1661584,1662386,spring,O,1
1661880,1661884,winter,O,2
1661884,1661887,winter,O,1
1661887,1661886,winter,O,2
1661946,1661908,fall,O,1
1662003,1661907,fall,O,1
1662003,1661907,summer,O,1
1662166,1662044,spring,C,1
1662252,1662165,spring,C,1
1662309,10503,winter,O,1
1662337,1662365,summer,B,1
1662303,1662217,fall,B,1
1662303,1662217,fall,O,4
1662303,1662217,spring,O,1
1662303,1662217,summer,C,1
1662303,1662217,summer,O,2
1662303,1662217,winter,B,1
1662303,1662217,winter,O,2
10523,1662349,fall,B,1
10523,1662349,fall,O,2
10523,1662349,spring,O,1
10523,1662349,winter,B,1
10523,1662349,winter,O,2
1662362,1662430,fall,O,1
1662416,1662303,fall,A,1
1662416,1662303,fall,O,1
1662416,1662303,spring,C,1
1662416,1662303,summer,B,1
1662416,1662303,summer,O,2
1662416,1662303,winter,O,1
1662460,1662439,fall,O,1
1662514,1662349,winter,O,1
1662751,1662704,spring,C,1
1662813,1662837,winter,O,1
1662837,1662843,spring,O,1
1662887,1662813,fall,O,1
1662887,1662813,summer,O,3
1662887,1662813,winter,O,3
1663059,1662887,fall,A,1
1663059,1662887,spring,B,1
1663059,1662887,summer,O,3
1663059,1662887,winter,C,1
1663079,1662945,fall,O,1
1663210,1663212,fall,O,1
1663210,1663212,spring,O,4
1663210,1663212,winter,O,1
1663139,1663203,spring,B,1
1663139,1663203,spring,C,2
1663228,1663216,winter,O,1
1663343,1662430,spring,O,1
1663343,1662430,summer,O,2
1663343,1662430,winter,O,2
1663203,1663291,fall,B,1
1663203,1663291,spring,O,1
1663203,1663291,summer,O,3
1663291,1663294,spring,C,1
1663291,1663294,spring,O,1
1663291,1663294,summer,O,1
1663291,1663294,winter,O,1
1663294,1663208,fall,C,1
1663294,1663208,winter,O,1
1663292,1663291,fall,O,1
1663292,1663291,summer,C,1
1663292,1663291,summer,O,6
1663293,1663292,fall,O,1
1663293,1663292,summer,B,1
1663299,1663294,fall,O,3
1663299,1663294,spring,O,2
1663299,1663294,summer,B,1
1663299,1663294,summer,O,2
1663299,1663294,winter,O,6
1663301,1663299,fall,O,3
1663301,1663299,spring,O,3
1663301,1663299,summer,O,2
1663301,1663299,winter,O,1
1663301,1663224,winter,O,1
1663314,1663301,fall,A,1
1663314,1663301,fall,C,4
1663314,1663301,fall,O,7
1663314,1663301,spring,A,1
1663314,1663301,spring,C,2
1663314,1663301,spring,O,2
1663314,1663301,summer,B,1
1663314,1663301,summer,C,2
1663314,1663301,summer,O,6
1663314,1663301,winter,C,1
1663314,1663301,winter,O,11
1663319,1663314,fall,A,1
1663319,1663314,fall,O,5
1663319,1663314,spring,B,1
1663319,1663314,spring,C,1
1663319,1663314,spring,O,3
1663319,1663314,summer,O,4
1663319,1663314,winter,C,1
1663319,1663314,winter,O,6
15381,1663319,fall,O,3
15381,1663319,spring,B,1
15381,1663319,spring,O,3
15381,1663319,summer,O,3
15381,1663319,winter,C,2
15381,1663319,winter,O,2
1663358,1663276,spring,O,1
1663358,1663276,summer,O,1
1663358,1663276,winter,O,2
1663352,1663059,fall,O,1
1663352,1663059,spring,O,1
1663352,1663059,summer,O,1
1663291,1663372,fall,C,1
1663291,1663372,fall,O,2
1663291,1663372,spring,C,1
1663291,1663372,summer,C,1
1663291,1663372,winter,C,1
1663291,1663372,winter,O,2
1663374,1663361,spring,O,1
1663374,1663361,winter,O,1
1663374,1663344,fall,O,2
1663374,1663344,spring,O,1
1663374,1663344,summer,O,2
1663374,1663344,winter,O,1
1663372,1663375,fall,O,1
1663372,1663375,winter,O,1
1663377,1663372,spring,C,1
1663377,1663372,spring,O,1
1663377,1663372,summer,O,1
1663377,1663372,winter,C,1
1663377,1663372,winter,O,2
1663383,1663377,fall,O,1
1663383,1663377,winter,C,1
1663383,1663301,fall,O,1
1663390,1663383,fall,A,1
1663390,1663383,fall,O,1
1663390,1663383,spring,O,5
1663390,1663383,summer,O,1
1663390,1663383,winter,O,1
1663395,1663390,spring,C,1
1663395,1663390,summer,O,7
1663395,1663390,winter,O,1
1663430,1663374,summer,O,2
1663430,1663374,winter,C,1
1663372,1663444,fall,O,1
1663372,1663444,spring,B,2
1663372,1663444,summer,C,1
1663372,1663444,summer,O,5
1663440,1663352,summer,O,1
1662365,1663549,winter,O,1
1663375,1663508,fall,O,1
1663375,1663508,spring,O,1
1663375,1663508,summer,O,2
1663375,1663508,winter,O,1
1663515,1663430,winter,O,2
1663498,1663563,spring,O,1
1663570,1663440,fall,C,1
1663570,1663440,fall,O,1
1663570,1663440,spring,C,1
1663570,1663440,spring,O,1
1663570,1663440,summer,O,1
1663444,1663581,fall,O,1
1663444,1663581,spring,O,1
1663444,1663581,summer,A,1
1663444,1663581,summer,C,2
1663444,1663581,summer,O,2
1663444,1663581,winter,B,1
1663444,1663581,winter,O,1
1663581,1663652,summer,O,1
1663661,1663515,fall,O,2
1663508,1663688,spring,B,1
1663508,1663688,summer,O,1
1663508,1663688,winter,O,1
1663722,1663688,summer,C,1
1663729,1663665,fall,O,2
1663851,1663729,fall,O,1
15377,1663851,spring,O,1
15377,1663851,summer,O,1
15377,1663851,winter,O,1
1663861,15378,fall,C,1
1663861,15378,fall,O,7
1663861,15378,spring,C,1
1663861,15378,spring,O,3
1663861,15378,summer,B,1
1663861,15378,summer,C,1
1663861,15378,summer,O,3
1663861,15378,winter,B,1
1663861,15378,winter,C,1
1663861,15378,winter,O,6
1663862,1663861,fall,O,8
1663862,1663861,spring,C,1
1663862,1663861,spring,O,6
1663862,1663861,summer,C,3
1663862,1663861,winter,C,2
1663862,1663861,winter,O,2
1663873,1663570,spring,B,1
1663873,1663570,summer,C,2
1663873,1663570,summer,O,1
1663873,1663570,winter,C,1
1663873,1663570,winter,O,2
1663919,1663851,fall,O,1
1663919,1663851,summer,O,1
1663916,1663844,spring,O,1
1663949,1663998,spring,O,1
1663949,1663998,winter,O,1
1664021,1664069,summer,O,1
1664147,1664009,winter,O,1
1664137,1664271,winter,O,1
1664359,1664190,summer,B,1
1664344,1664137,summer,O,1
1664414,1664378,summer,B,1
1664467,1664213,spring,O,2
1664467,1664213,summer,O,1
1664467,1664213,winter,O,1
1664738,1664487,winter,O,1
1665120,1665118,fall,B,1
1665735,1665120,summer,C,1
1665861,1665153,fall,O,2
1663992,1665861,fall,A,1
1663992,1665861,spring,O,1
1667518,1667037,fall,O,2
1667518,1667037,spring,B,1
1667518,1667037,summer,O,1
1667518,1667037,winter,O,1
1667774,1667144,spring,O,1
1667774,1667144,winter,O,1
1667899,1668103,winter,C,1
1668213,1667518,fall,O,1
1668213,1667518,spring,O,2
1668213,1667518,summer,O,1
1668213,1667518,winter,O,2
10523,1662510,fall,B,1
10523,1662510,fall,O,1
10523,1662510,summer,O,1
10523,1662510,winter,C,1
10523,1662510,winter,O,1
1662510,1662750,fall,C,1
1662510,1662750,fall,O,1
1662510,1662750,winter,O,1
1662750,1662946,fall,C,1
1662750,1662946,fall,O,1
1662750,1662946,summer,A,1
1666504,1666512,fall,B,2
1666504,1666512,spring,O,1
1666504,1666512,summer,B,1
1666504,1666512,summer,O,1
1666504,1666512,winter,B,1
1666504,1666512,winter,O,2
1665153,1664722,fall,C,1
1665153,1664722,spring,B,1
1665153,1664722,winter,O,1
1664722,1663343,spring,K,1
1664722,1663343,spring,O,3
1664722,1663343,summer,O,2
1664722,1663343,winter,C,1
1664722,1663343,winter,O,2
1661907,1661668,fall,O,1
2024346,1663717,spring,O,1
2024346,1663717,summer,B,1
1663861,2024347,fall,O,2
1663861,2024347,spring,O,1
1663861,2024347,summer,O,2
1663861,2024347,winter,O,1
1664213,1664144,summer,O,1
1664213,1663583,fall,O,1
1664213,1663583,spring,O,1
1664213,1663583,summer,C,1
1664213,1663583,summer,O,1
1664213,1663583,winter,B,1
1664213,1663583,winter,O,1
1664144,1663870,summer,O,2
1664144,1663870,winter,O,1
1663510,1663470,spring,O,1
1663897,1664021,spring,O,1
1663897,1664021,summer,O,1
1663293,1663207,fall,O,1
10492,1662064,fall,O,2
1662569,1662460,fall,C,1
1662569,1662460,fall,O,4
1662569,1662460,spring,C,1
1662569,1662460,spring,O,1
1662569,1662460,summer,O,2
1662569,1662460,winter,O,1
1662230,2026265,spring,O,1
1662230,2026265,summer,O,1
1663054,1663076,summer,B,1
1663775,1663590,fall,O,1
1663775,1663590,spring,O,1
1663717,1663710,fall,O,2
1662462,1662372,summer,O,1
1662509,1662319,summer,O,1
1662509,1662319,winter,O,2
1661598,1661614,spring,O,1
1663344,1663293,fall,C,1
1663344,1663293,spring,O,2
1663344,1663293,winter,O,1
1668437,1667774,winter,O,1
1668822,1668327,summer,O,1
15378,15377,fall,O,1
15378,15377,spring,C,1
15378,15377,summer,B,1
15378,15377,summer,C,1
15378,15377,summer,O,3
15378,15377,winter,O,4
10949,1666471,fall,O,1
10949,1666471,winter,B,1
10949,1666471,winter,O,3
1666512,1666511,fall,O,1
1666512,1666511,spring,O,1
1666511,1666509,spring,O,1
1679419,1679421,fall,O,1
1679462,1662388,summer,O,1
1679462,1662388,winter,O,1
1662395,1679458,spring,O,1
1679706,1662462,summer,O,1
1664479,1664473,summer,O,1
1664486,1678985,spring,O,1
1679719,1663395,fall,O,1
1679719,1663395,spring,O,1
1679719,1663395,summer,O,3
1679719,1663395,winter,O,1
1663470,1679719,fall,O,2
1663470,1679719,summer,O,4
1663470,1679719,winter,O,2
1679719,15381,fall,O,3
1679719,15381,spring,O,1
1679719,15381,summer,O,1
1679719,15381,winter,O,2
2003172,1668213,fall,C,1
2003172,1668213,fall,O,1
2003172,1668213,winter,B,1
2005018,2005019,winter,O,1
2005025,2005024,summer,O,1
2005027,1679723,winter,O,1
2005027,2005029,fall,B,1
2005027,2005029,fall,O,1
2005027,2005029,summer,O,1
2005027,2005029,winter,O,1
2005034,2005035,winter,O,1
2005038,2005104,winter,O,1
2005104,2005102,fall,O,1
1662715,2005027,fall,O,1
1662715,2005027,summer,O,1
1662715,2005027,winter,O,1
2008367,2008366,summer,O,1
2008369,2008371,winter,O,1
1666044,1666240,fall,O,1
2011531,1662964,fall,B,1
2011531,1662964,fall,O,1
2011531,1662964,summer,O,2
2011531,1662964,winter,O,4
2005125,2011680,fall,O,1
2011681,2011682,summer,O,1
2016714,2011682,summer,O,1
1662826,1662902,winter,O,2
1662381,2011721,winter,O,1
2011721,1662372,summer,C,1
2011721,1662372,winter,O,1
1662902,2011721,fall,C,1
1662902,2011721,fall,O,1
1662902,2011721,spring,O,1
1662902,2011721,summer,B,1
1662902,2011721,summer,C,1
1662902,2011721,summer,O,5
1662902,2011721,winter,O,6
1663320,1663215,fall,C,1
1663320,1663215,fall,O,7
1663320,1663215,spring,C,2
1663320,1663215,spring,O,2
1663320,1663215,summer,O,5
1663320,1663215,winter,C,1
1663320,1663215,winter,O,9
2011622,2176384,fall,C,1
2011622,2176384,fall,O,4
2011622,2176384,spring,O,3
2011622,2176384,summer,O,3
2011622,2176384,winter,O,3
1662755,1662750,fall,O,2
1662755,1662750,winter,O,1
1662420,1662477,summer,O,1
1662751,1662813,fall,O,1
1662751,1662813,summer,C,1
1662751,1662813,summer,O,1
1662751,1662813,winter,O,1
1662813,1662751,fall,C,2
1662813,1662751,fall,O,2
1662813,1662751,spring,O,3
1662813,1662751,summer,O,2
1662813,1662751,winter,B,1
1662813,1662751,winter,O,1
1663343,1663366,winter,O,2
1662303,1662282,fall,B,1
1662303,1662282,fall,O,1
1662303,1662282,winter,O,1
1662282,1662303,summer,O,1
1662282,1662303,winter,O,3
1663583,2176343,spring,O,3
1663583,2176343,summer,C,2
1663583,2176343,summer,O,1
1663583,2176343,winter,B,1
1663583,2176343,winter,C,1
1663583,2176343,winter,O,1
1662569,1662704,spring,C,1
1662569,1662704,summer,C,1
1662569,1662704,summer,O,1
1662569,1662704,winter,O,1
1662704,1662569,fall,O,3
1662704,1662569,spring,O,2
1662704,1662569,summer,O,1
1662704,1662569,winter,C,1
1662704,1662569,winter,O,1
1663345,1663212,summer,O,1
1662887,1662841,summer,C,1
1662887,1662841,summer,O,4
1662887,1662841,winter,O,1
1662217,1662003,summer,C,1
1662217,1662003,winter,O,1
1679458,2011363,spring,O,1
1662286,1662264,fall,O,2
1666509,2023810,spring,O,2
1666509,2023810,winter,O,1
2023810,1679421,summer,O,1
1666506,2023866,fall,O,2
1666506,2023866,winter,C,1
2023866,1677464,summer,O,1
2024346,2024347,spring,O,1
2024346,2024347,summer,O,1
2024346,2024347,winter,O,3
2024347,2011622,fall,A,1
2024347,2011622,winter,O,3
2182350,1662349,fall,C,1
2182350,1662349,fall,O,1
2182350,1662349,spring,C,1
2182350,1662349,spring,O,1
2182350,1662349,summer,O,1
2182350,1662349,winter,C,1
2182350,1662349,winter,O,2
2026273,1661559,fall,O,1
2026275,2026276,spring,O,1
1662357,2180752,fall,O,2
1662357,2180752,spring,O,1
1662357,2180752,summer,O,1
1662357,2180752,winter,C,1
1662357,2180752,winter,O,2
2180752,2182350,fall,O,1
2180752,2182350,summer,O,1
2180752,2182350,winter,O,1
2023852,2004247,fall,O,1
1667544,2030910,fall,O,1
2011622,1663470,summer,O,1
1662946,2034246,summer,B,1
1662946,2034246,winter,C,1
2034246,2034248,fall,O,1
2034246,2034248,spring,O,1
2034246,2034248,summer,O,2
2034246,2034248,winter,O,1
2034248,2034247,fall,O,2
2034248,2034247,spring,O,1
2034248,2034247,winter,O,3
2034247,1662946,spring,O,1
2034247,1662946,winter,O,1
1663215,2034269,fall,A,1
1663215,2034269,fall,O,4
1663215,2034269,spring,O,5
1663215,2034269,summer,C,1
1663215,2034269,summer,O,5
1663215,2034269,winter,O,3
2034269,1679706,summer,O,2
2034269,1679706,winter,C,1
2034269,1679706,winter,O,2
2034269,2034246,fall,O,2
2034269,2034246,summer,O,3
2034269,2034246,winter,C,1
2034269,2034246,winter,O,3
2034269,2041314,fall,O,1
2034269,2041314,winter,O,1
2041335,1662826,fall,O,1
2041454,2041455,summer,O,1
2041454,2041455,winter,C,1
1667517,2042887,spring,O,1
1663507,1663590,fall,B,1
10523,1661946,fall,O,1
10523,1661946,spring,O,1
1663587,2046795,winter,O,1
2058075,2058076,winter,O,1
2059734,1663464,spring,O,3
2059734,1663464,summer,A,1
2059734,1663464,summer,C,1
2059734,1663464,summer,O,1
2059734,1663464,winter,C,1
2059734,1663464,winter,O,2
1662513,1662491,spring,O,2
2097714,2082274,spring,C,1
2097714,2082274,spring,O,1
2114954,1661668,spring,O,1
2114954,1661668,winter,O,1
2115036,2115078,summer,O,1
1661878,1662290,fall,O,1
1661878,1662290,spring,C,1
1661878,1662290,spring,O,1
1661878,1662290,winter,C,4
1661878,1662290,winter,O,3
2120534,2129741,fall,O,1
10695,2113335,summer,C,1
1679415,1679419,spring,O,1
2156702,2156722,winter,O,2
2156821,1661556,winter,O,1
1662349,2157102,summer,O,1
1662192,1662201,summer,O,1
1662201,1662209,summer,O,1
1662201,1662209,winter,O,1
1662209,1662225,spring,B,1
1662209,1662225,spring,O,1
1662225,1662251,spring,O,2
1662225,1662251,summer,O,1
1662251,1662280,spring,O,1
1662251,1662280,summer,B,1
1662251,1662280,summer,O,1
1662251,1662280,winter,B,1
1662280,1662307,fall,O,2
1662280,1662307,spring,C,1
1662280,1662307,spring,O,1
1662280,1662307,winter,O,2
1662433,1662482,fall,O,1
1662433,1662482,summer,C,1
1662433,1662482,summer,O,3
10668,1663464,fall,B,1
10668,1663464,fall,O,1
10668,1663464,summer,O,1
10668,1663464,winter,O,1
1663464,1663569,fall,O,2
1663464,1663569,spring,K,1
1663464,1663569,winter,O,1
10698,10695,spring,O,1
10698,10695,winter,C,1
10698,10695,winter,O,1
10695,10691,fall,O,1
10695,10691,summer,O,1
10695,10691,winter,O,1
10691,1663401,fall,O,1
10691,1663401,spring,C,1
10691,1663401,spring,O,1
10691,1663401,summer,O,1
10691,1663401,winter,O,1
1663401,1663394,fall,C,2
1663394,1663378,fall,C,2
1663394,1663378,spring,O,1
1663394,1663378,summer,O,1
1663358,2176343,fall,O,1
1663358,2176343,winter,C,1
1663358,2176343,winter,O,2
1663345,1663358,fall,C,1
1663345,1663358,fall,O,3
1663345,1663358,spring,O,1
1663345,1663358,summer,B,1
1663345,1663358,summer,C,1
1663345,1663358,summer,O,4
1663345,1663358,winter,C,1
1663345,1663358,winter,O,1
1663320,2176384,fall,O,2
1663320,2176384,spring,C,1
1663320,2176384,winter,O,1
2176406,1663327,fall,C,1
2176406,1663327,fall,O,1
2176406,1663327,spring,C,2
2176406,1663327,spring,O,2
2176406,1663327,summer,C,2
2176406,1663327,summer,O,4
2176406,1663327,winter,C,1
2176406,1663327,winter,O,4
1663329,2176407,winter,O,1
2176407,1663328,fall,O,1
2176407,1663328,summer,O,1
2176407,15381,fall,O,1
2176407,15381,spring,O,1
2176407,15381,summer,C,1
2176407,15381,summer,O,4
2176407,15381,winter,O,5
2176544,1663087,winter,O,1
2026253,2176582,fall,C,1
2026253,2176582,spring,C,1
2026253,2176582,spring,O,1
2026253,2176582,summer,B,1
2026253,2176582,summer,O,1
2026253,2176582,winter,C,1
2026253,2176582,winter,O,3
1663328,2176582,fall,O,2
1663328,2176582,spring,O,2
1663328,2176582,summer,C,1
1663328,2176582,winter,O,5
2176608,2176609,fall,C,1
2176608,2176609,fall,O,1
2176608,2176609,spring,O,1
2176608,2176609,winter,B,1
2176608,2176609,winter,O,2
2176609,2176642,spring,O,2
2176609,2176642,summer,C,1
2176609,2176642,winter,O,2
2176642,2176544,summer,C,1
2176544,15381,fall,O,1
2176608,1663087,fall,O,4
2176608,1663087,spring,B,1
2176608,1663087,spring,C,1
2176608,1663087,summer,O,3
2176608,1663087,winter,O,1
2176609,2034248,fall,O,2
2176609,2034248,summer,O,2
2176609,2034248,winter,O,1
2180634,2180701,winter,O,1
2180701,2217756,fall,O,1
2180701,2217756,spring,O,1
2180701,2217756,summer,O,1
2026279,2026280,fall,O,1
2026262,2026263,spring,O,1
2026279,2180748,summer,C,1
2026279,2180748,winter,O,1
2180748,2180750,fall,O,1
2180748,2180750,spring,C,2
2180748,2180750,spring,O,3
2180748,2180750,summer,O,2
2026262,2182348,winter,O,2
2182348,2182349,fall,B,1
2182348,2182349,summer,O,2
2182348,2182349,winter,O,1
2216703,1662433,fall,O,3
2216703,1662433,spring,C,1
2216703,1662433,spring,O,3
2216703,1662433,summer,O,1
2216703,1662433,winter,O,2
1663611,1663439,summer,O,1
1679421,2204544,spring,A,1
1679421,2204544,spring,O,2
1679421,2204544,summer,C,1
1679421,2204544,winter,O,2
2204544,1666506,spring,O,1
2204544,1666506,summer,B,1
2212301,2212302,winter,O,1
2156722,2212301,summer,O,1
2156741,2212301,winter,O,1
1662430,2216703,fall,O,2
1662430,2216703,spring,O,3
1662430,2216703,summer,A,1
1662430,2216703,summer,O,2
1662430,2216703,winter,O,3
1662353,2216703,fall,O,1
1662353,2216703,spring,O,1
1662353,2216703,winter,O,1
2216703,1662252,fall,O,1
2216703,1662252,winter,B,1
2216703,1662252,winter,O,1
2026273,2217756,summer,O,1
2243561,2212303,summer,O,1
2212302,2243561,fall,O,1
2212301,2243561,fall,O,1
2252501,1661959,summer,O,1
2252501,1661959,winter,O,1
1663862,2024346,fall,O,3
1663862,2024346,spring,O,5
1663862,2024346,summer,O,3
1663862,2024346,winter,O,4
1661833,10492,fall,C,1
1661833,10492,fall,O,1
1661833,10492,spring,B,1
1661833,10492,spring,O,1
1661833,10492,summer,O,2
1662064,10503,spring,C,1
1662064,10503,winter,B,1
1662064,10503,winter,O,1
2026332,2180633,winter,B,1
2180634,2026268,fall,C,1
2180634,2026268,fall,O,1
2180634,2026268,summer,C,1
2180634,2026268,winter,O,1
1662482,1662528,spring,O,1
1662528,10668,fall,B,1
1662528,10668,fall,O,2
1662528,10668,spring,A,1
1662528,10668,summer,B,1
1662528,10668,summer,C,1
1662528,10668,winter,A,1
1662528,10668,winter,B,1
1662528,10668,winter,C,1
1662528,10668,winter,O,4
1663569,10698,spring,O,2
1663569,10698,winter,O,4
1663378,2176343,fall,A,1
1663378,2176343,fall,B,1
1663378,2176343,fall,O,1
1663378,2176343,spring,A,1
1663378,2176343,spring,O,1
1663378,2176343,summer,B,1
1663378,2176343,summer,O,1
1663378,2176343,winter,C,1
1663358,1663378,fall,O,2
1663358,1663378,winter,O,1
1666506,2156912,fall,B,2
1666506,2156912,fall,O,1
1666506,2156912,summer,C,1
1666506,2156912,summer,O,1
2290837,2176407,fall,O,1
2290837,2176407,summer,O,1
2290837,2176407,winter,O,1
1663327,2290838,fall,O,2
1663327,2290838,spring,B,1
1663327,2290838,spring,C,1
1663327,2290838,summer,C,1
1663327,2290838,summer,O,1
2290838,2290839,fall,B,1
2290838,2290839,winter,O,1
2290839,1663320,spring,C,1
2290839,1663320,spring,O,1
2290839,1663320,summer,O,2
2290839,1663320,winter,C,2
2290839,1663320,winter,O,2
2176384,2290840,winter,C,1
2176384,2290840,winter,O,1
2290840,2290837,spring,O,1
2290840,2290837,summer,B,1
2290840,2290837,winter,O,3
2176343,2290881,fall,O,1
2176343,2290881,spring,B,1
2176343,2290881,spring,C,1
2176343,2290881,spring,O,2
2176343,2290881,winter,O,1
2290881,2176384,fall,B,1
2290881,2176384,fall,C,3
2290881,2176384,fall,O,2
2290881,2176384,spring,B,1
2290881,2176384,spring,C,1
2290881,2176384,spring,O,3
2290881,2176384,summer,A,1
2290881,2176384,summer,C,1
2290881,2176384,summer,O,4
2290881,2176384,winter,O,4
1663320,2290882,spring,B,1
2296035,1663343,summer,O,1
1663661,2299535,fall,O,1
1663661,2299535,summer,O,2
1663661,2299535,winter,O,1
2299535,1663661,fall,O,1
2299535,1663661,winter,B,1
2304296,2304315,winter,O,1
2176642,2312017,fall,C,1
2176642,2312017,fall,O,2
2176642,2312017,summer,O,2
2176642,2312017,winter,C,2
2176642,2312017,winter,O,2
2312017,1663328,fall,A,1
2312017,1663328,fall,O,5
2312017,1663328,spring,C,1
2312017,1663328,spring,O,1
2312017,1663328,summer,B,2
2312017,1663328,summer,C,1
2312017,1663328,summer,O,3
2312017,1663328,winter,C,2
2312017,1663328,winter,O,6
2312116,2182527,fall,O,1
2312116,2182527,winter,C,1
2312116,2182527,winter,O,2
2182353,2312117,fall,O,1
2312117,15378,spring,O,1
2312117,15378,summer,O,1
2312118,2182518,fall,B,1
2182528,2312119,fall,A,1
2182528,2312119,spring,C,1
2182528,2312119,summer,C,1
2182528,2312119,winter,O,1
2312119,15377,fall,O,1
2312957,2026280,spring,O,1
2312957,2026280,summer,O,2
2312957,2026280,winter,O,1
2312959,2026263,fall,C,1
2312959,2026263,winter,O,1
2312963,2180633,winter,O,1
2182353,2314836,fall,B,1
2182353,2314836,spring,B,1
2182353,2314836,spring,O,1
2182353,2314836,summer,O,3
2182353,2314836,winter,B,1
2182353,2314836,winter,O,4
1662177,10503,spring,C,1
1662177,10503,summer,O,1
1663087,2026262,fall,O,1
1663087,2026262,winter,O,1
2026263,2180634,fall,O,1
2026263,2180634,summer,O,1
2026263,2180634,winter,C,1
2180633,2026279,spring,B,1
2180633,2026279,winter,O,3
2026280,2026253,fall,B,1
2026280,2026253,spring,B,1
2026280,2026253,winter,C,1
2026280,2026253,winter,O,4
2026253,2176406,spring,O,2
2026253,2176406,winter,O,2
2182527,2176608,spring,O,1
2182527,2176608,winter,O,1
2332015,1667520,fall,O,1
1664489,2332124,winter,B,1
1665132,2332125,summer,O,1
1663276,1663210,spring,O,1
