REF_SITE_FROM_ID,REF_SITE_TO_ID,spring,summer,fall,winter
1661200,1660820,0,0,0,0
1661678,1661705,0,0,0,0
1661704,1661705,0,0,0,0
1661723,1661697,0,0,0,0
1661705,1661723,0,0,0,0
1661705,1661739,0,0,0,0
1661754,1661704,0,0,0,0
1661754,1661746,0,0,0,0
1661704,1661767,0,0,0,0
1661723,1661768,0,0,0,0
1661769,1661768,0,0,0,0
1661767,1661769,0,0,0,0
1661794,1661754,0,0,0,0
1661794,1661795,0,0,0,0
1661805,1661746,0,0,0,0
1661834,1661794,0,0,0,0
1661767,1661834,0,0,0,0
1661836,1661774,0,0,0,0
1661867,1661836,0,0,0,0
1661868,1661867,0,0,0,0
1661825,1661869,0,0,0,0
1661869,1661868,0,0,0,0
1661880,1661869,0,0,0,0
10464,1661744,0,1,0,0
1661884,1661805,0,0,0,1
1661884,1661880,0,0,0,0
1661768,1661878,0,0,0,0
1661887,1661805,0,1,0,0
1661887,1661884,0,0,0,0
1661882,1661769,0,0,0,0
1661886,1661834,0,0,0,0
1661886,1661887,0,0,0,0
1661882,1661886,0,0,0,0
1661851,1661837,0,0,0,0
1661851,1661838,0,0,0,0
1661936,1661868,0,0,0,0
1661936,1661939,0,0,0,0
1661939,1661867,0,0,0,0
1661869,1661942,0,0,0,0
1661942,1661936,0,0,0,0
1661838,1661879,0,0,0,0
1661908,1661906,0,0,0,0
1661942,1661950,0,0,0,0
1661880,1661959,0,0,0,0
1661959,1661950,0,0,0,0
1661904,1661851,0,0,0,0
1661907,1661904,0,0,0,0
1661952,1661940,0,0,0,0
1661801,1661952,0,0,0,0
1661993,1661951,0,0,0,0
1661908,1661946,0,0,0,0
1661945,1661908,0,0,0,0
1662004,1661936,0,0,0,0
1661950,1662004,0,0,0,0
1661965,1661945,0,0,0,0
1662019,1661927,0,0,0,0
1661966,1661970,0,0,0,0
1661970,1661965,0,0,0,0
1662023,1662019,0,0,0,0
1661969,1661904,0,0,0,0
1662036,1661993,0,0,0,0
1661978,1661974,0,0,0,0
1661974,1661977,0,0,0,0
1661984,1661978,0,0,0,0
1661974,1661984,0,0,0,0
1661879,1661988,0,0,0,0
1661988,1661987,0,0,0,0
1662008,1661997,0,0,0,0
1661945,1662008,0,0,0,0
1662004,1662055,0,0,0,0
1662055,1662053,0,0,0,0
1661970,1662011,0,0,0,0
1662000,1661984,0,0,0,0
1662001,1662000,0,1,0,0
1662003,1662001,0,0,1,0
1661907,1662003,0,0,0,0
1662070,1662023,0,0,0,0
1662062,1661940,0,0,0,0
1661952,1662062,0,0,0,0
1662075,1662070,0,0,0,0
1662068,1662016,0,0,0,0
1662042,1661969,0,0,0,0
1662040,1662042,0,0,0,0
1662044,1662040,0,0,0,0
1661988,1662044,0,0,0,0
1662055,1662096,0,0,0,0
1662093,1662096,0,0,0,0
1662096,1662098,0,0,0,0
1662098,1661939,0,0,0,0
1662118,1661897,0,0,0,0
1662117,1662057,0,0,0,0
1662118,1662117,0,0,0,0
1662119,1662054,0,0,0,0
1662117,1662119,0,0,0,0
1662066,1661965,0,0,0,0
1662113,1661993,0,0,0,0
1661940,1662068,0,0,0,0
1662129,1662039,0,0,0,0
1662119,1662129,0,0,0,0
1662129,1662138,0,0,0,0
1662141,1662091,0,0,0,0
1662141,1662113,0,0,0,0
1662149,1662070,0,0,1,0
1662138,1662149,0,0,0,0
1662147,1662113,0,0,0,0
1662008,1662088,0,0,0,0
1662088,1662090,0,0,0,0
1662154,1662075,0,0,0,0
1662149,1662154,0,0,0,0
1662085,1662042,0,0,0,0
1662176,1661793,0,0,0,0
1661969,1662085,0,0,0,0
1662121,10503,0,0,1,0
1661949,1662145,0,0,0,0
1662164,1662132,0,0,0,0
1662154,1662164,0,0,0,0
1662161,1662098,0,0,0,0
1662093,1662165,0,0,0,0
1662161,1662165,0,0,0,0
1662178,1662118,0,0,0,0
1662179,1662117,0,0,0,0
1662179,1662178,0,0,1,0
1662181,1662119,0,0,0,0
1662181,1662179,0,0,1,0
1662183,1662129,0,0,0,0
1662183,1662181,0,0,0,0
1662148,1662088,0,0,0,0
1662138,1662192,0,0,0,0
1662192,1662183,0,1,0,0
1662085,1662139,0,0,0,0
1662201,1662149,0,0,0,0
1662068,1662185,0,0,0,0
1662187,1662062,0,0,0,0
1662185,1662187,0,0,0,0
1662206,1662181,0,0,0,0
1662209,1662154,0,1,0,0
1662208,1662132,0,0,0,0
1662139,1662166,0,0,0,0
1662044,1662166,0,0,0,0
1662225,1662164,0,0,0,0
1662186,1662090,0,0,0,0
1662191,1662186,0,0,0,0
1662239,1662208,0,0,0,0
1662164,1662239,1,0,0,0
1662244,1662161,0,0,0,0
1662251,1662239,0,0,0,0
1662165,1662252,0,0,0,0
1662252,1662161,0,0,0,0
1662224,1662186,0,0,0,0
1662090,1662224,0,0,0,0
1662220,1662217,0,0,0,0
1662166,1662220,0,0,0,0
1662187,1662270,0,0,0,0
1662270,1662246,0,0,0,0
10503,1662309,0,0,0,0
1662185,1662281,0,0,0,0
1661833,1662337,0,0,0,0
1662337,1662176,0,0,0,0
1662320,1662309,0,0,0,0
1662227,1662254,0,0,0,0
1662224,1662254,0,0,0,0
1662259,1662224,0,0,0,0
1662230,1662259,0,0,0,0
1662281,1662313,0,0,0,0
1662314,1662305,0,0,0,0
1662314,1662241,0,0,0,0
1662351,1662320,0,0,0,0
1661743,1662385,0,0,0,0
1662365,1662337,0,0,0,0
1662291,1662276,0,0,0,0
1662242,1662291,0,0,0,0
1662293,1662291,0,0,0,0
1662238,1662293,0,0,0,0
1662254,1662293,0,0,0,0
1662353,1662244,0,0,1,0
1662324,1662314,0,0,1,0
1662281,1662324,0,0,0,0
1662343,1662187,0,0,0,0
1662343,1662270,0,0,0,0
1662362,1662351,0,0,0,0
1662230,1662308,0,0,0,0
1662217,1662303,0,0,0,0
1662349,10523,0,1,3,2
10523,1662358,0,2,3,2
1662382,1662381,0,1,0,1
1662386,1662382,0,0,1,0
1662388,1662386,0,0,1,0
1662290,1662407,3,1,0,2
1662409,1662343,0,0,0,1
1662409,1662411,0,0,0,0
1662324,1662410,0,0,0,0
1662411,1662410,0,0,0,0
1662406,1662342,0,0,0,1
1662406,1662404,0,0,0,0
1662404,1662403,0,0,0,0
1662430,1662362,0,0,0,0
1662358,1662394,1,1,1,0
1662303,1662416,5,3,1,2
1662416,1662220,0,0,1,0
1662482,1662252,1,0,0,1
1662459,1662388,0,0,0,0
1662459,1662466,0,0,0,0
1662358,1662453,0,0,0,0
1662416,1662439,0,0,2,1
1662429,1662440,0,0,0,0
1662457,1662453,0,0,0,0
1662399,1662465,0,0,0,0
1662394,1662465,0,2,0,0
1662439,1662460,0,1,0,0
1662460,1662437,0,0,0,0
1662503,1662459,0,0,0,0
1662503,1662427,0,0,0,0
1662528,1662513,0,0,0,0
1662440,1662486,0,0,0,0
1662465,1662506,0,0,0,0
1662457,1662506,0,0,0,0
1662351,1662555,0,0,0,0
1662465,1662509,6,2,4,0
1662510,1662514,1,5,1,0
1662349,1662514,0,0,1,0
1662512,1662457,0,0,0,0
1662362,1662565,0,0,0,1
1662555,1662565,0,0,0,0
1662382,1662534,0,0,0,0
1662534,1662432,0,0,0,0
1662556,1662503,0,0,0,0
1662320,1662602,0,0,0,0
1662411,1662574,0,0,0,0
1662602,1662615,0,0,0,0
1662635,1662606,0,0,0,0
1662602,1662635,0,0,0,0
1662506,1662563,0,0,0,0
1662536,1662569,0,0,0,1
1662589,1662521,0,0,0,0
1662563,1662589,0,0,0,0
1662589,1662596,0,0,0,0
1662453,1662596,0,1,0,0
1662439,1662582,0,0,0,0
1662407,1662409,0,0,0,0
1662555,1662682,0,0,0,0
1662653,1662556,0,0,0,0
1662604,1662591,0,0,0,0
1662569,1662604,0,1,0,0
1662563,1662625,0,0,0,0
1662582,1662631,0,0,0,0
1662635,1662699,0,0,0,0
1662556,1662672,0,0,0,0
1662699,1662722,0,0,0,0
1662707,1662674,0,0,0,0
1662710,1662709,0,0,0,0
1662707,1662710,0,0,0,0
1662713,1662707,0,0,0,0
1662653,1662691,0,0,0,0
1662679,1662589,0,0,0,0
1662534,1662701,0,0,0,0
1662604,1662681,0,0,0,0
1662565,1662736,0,0,0,0
1662701,1662696,0,0,0,0
1662625,1662694,0,0,0,0
1662694,1662679,0,0,0,0
1662721,1662653,0,0,0,0
1662698,1662694,0,0,0,0
1662509,1662715,4,6,5,6
1662701,1662734,0,0,0,0
1662596,1662731,0,0,0,0
1662679,1662732,0,0,0,0
1662731,1662732,0,0,0,0
1662735,1662731,1,0,0,0
1662453,1662735,0,0,0,1
1662725,1662728,0,0,0,0
1662681,1662728,0,0,0,0
1662750,1662735,0,0,0,0
1662728,1662738,0,0,0,0
1662681,1662738,0,0,0,0
1662764,1662721,0,0,0,0
1662752,1662715,0,1,2,1
1662514,1662755,0,0,0,1
1662694,1662753,0,0,0,1
1662732,1662753,0,1,0,1
1662738,1662749,0,0,0,0
1662704,1662749,0,0,0,0
1662704,1662751,0,1,0,1
1662751,1662638,0,0,0,0
1662756,1662698,0,0,0,0
1662753,1662756,1,0,0,0
1662756,1662752,1,0,0,0
1662749,1662769,0,0,0,0
1662728,1662771,0,0,0,0
1662722,1662823,0,1,0,0
1662734,1662764,0,0,0,0
1662710,1662815,0,0,0,0
1662715,1662794,2,2,3,3
1662806,1662764,0,0,0,0
1662755,1662812,0,0,0,0
1662826,1662778,0,0,0,0
1662381,1662826,1,0,0,2
1662752,1662816,0,0,0,1
1662734,1662839,0,1,0,0
1662794,1662835,11,6,6,7
1662837,1662813,2,2,2,0
1662843,1662837,0,0,0,0
1662835,1662843,3,2,6,3
1662899,1662860,0,0,0,0
1662902,1662899,0,0,0,0
1662813,1662887,0,3,6,3
1662899,1662901,0,0,0,0
1662914,1662835,1,3,2,2
1662914,1662922,0,0,0,0
1662843,1662933,0,2,0,2
1662922,1662933,0,0,0,1
1662964,1662902,1,1,1,0
1662933,1662944,1,0,0,0
1662942,1662957,0,0,0,0
1662961,1662914,0,0,0,0
1662961,1662942,0,0,1,0
1662957,1662967,0,0,0,0
1662943,1662967,0,0,0,0
1663012,1662909,0,1,0,0
1663012,1663013,0,0,0,0
1663014,1663012,0,1,1,1
1663014,2034247,1,0,1,2
1663010,1662961,0,0,0,0
1663062,1662707,0,0,0,0
1663010,1663032,0,0,0,1
1662967,1663032,0,0,0,1
1663086,1662975,0,0,0,0
1663062,1663086,0,0,0,0
1662887,1663059,1,2,0,0
1663072,1663010,1,0,1,3
1663076,1663079,1,0,1,0
1662945,1663079,1,1,0,0
1663032,1663078,0,0,0,0
1663078,1663076,0,0,0,0
1663072,1663081,1,0,0,1
1663081,1663078,0,0,0,0
1663083,1663072,0,0,0,2
1662933,1663090,1,1,0,0
1663090,1663083,0,0,0,0
1663059,1663090,0,4,1,1
1663106,1663014,0,0,0,2
1663081,1663133,0,0,0,0
1663139,1663076,0,0,0,0
1663144,1663139,1,0,1,1
1663079,1663144,0,1,0,1
1663078,1663143,0,0,0,0
1663139,1663143,0,0,0,0
1663149,1663144,1,0,1,0
1663079,1663149,2,2,5,3
1663133,1663151,0,0,0,0
1663160,1663012,0,0,0,1
1663164,1663160,0,0,0,0
1663164,1663106,0,0,0,1
1663126,1663162,0,0,0,0
1663133,1663162,0,0,0,0
1663180,1662964,1,0,1,0
1663210,1662899,0,0,0,1
1663212,1663210,0,0,0,0
1663203,1663139,0,0,0,0
1663203,1663208,1,0,0,1
1663144,1663208,0,2,0,0
1663143,1663207,0,0,0,0
1663208,1663218,0,0,0,0
1663149,1663218,1,0,0,0
1663218,1663224,1,0,0,0
1663160,1663224,0,0,0,1
1663162,1663216,0,0,0,0
1663216,1663207,0,0,1,0
1663224,1663227,0,0,0,0
1663227,1663160,0,0,0,0
1663227,1663229,0,0,0,0
1663229,1663164,0,0,0,0
1663228,1663072,1,1,0,0
1663216,1663228,0,0,0,0
10668,1663062,0,0,0,0
1662430,1663343,0,0,0,0
1663291,1663203,0,0,0,0
1663294,1663291,2,8,4,1
1663208,1663294,0,0,1,0
1663291,1663292,3,2,1,3
1663292,1663293,0,0,0,0
1663294,1663299,0,0,0,0
1663218,1663299,0,0,0,0
1663299,1663301,0,0,0,0
1663224,1663301,0,0,0,0
1663366,10668,0,0,0,1
1663301,1663314,0,0,0,0
1663314,1663229,3,2,5,1
1663314,1663319,0,0,0,0
1663319,15381,0,0,0,0
1663276,1663358,1,2,0,0
1663059,1663352,0,0,2,1
1663351,1663352,0,2,3,1
1663361,1663351,0,0,0,0
1663352,1663355,0,0,1,0
1663378,1663308,0,0,0,0
1663372,1663291,0,0,0,0
1663361,1663374,0,0,0,0
1663344,1663374,2,1,3,1
1663375,1663292,0,0,1,1
1663375,1663372,0,0,0,0
1663372,1663377,0,0,0,0
1663299,1663377,2,0,2,0
1663377,1663383,0,0,0,0
1663301,1663383,0,0,0,0
1663383,1663390,0,0,0,0
1663390,1663314,1,1,1,1
1663390,1663395,0,0,0,0
1663319,1663395,1,2,0,1
1663422,1663390,0,1,0,0
1663395,1663422,0,1,1,0
1663374,1663430,2,1,0,1
1663438,1663361,0,0,0,1
1663439,1663351,0,0,0,0
1663439,1663438,0,0,0,0
1663444,1663372,0,0,0,0
1663352,1663440,0,0,0,0
1663440,1663439,0,0,0,0
1663444,1663446,0,0,0,0
1663450,1663444,0,0,0,0
1663449,1663375,0,0,0,0
1663446,1663449,0,0,1,0
1663452,1663450,1,0,0,0
1663377,1663452,0,0,0,0
1663383,1663455,0,0,0,0
1663422,1663455,2,3,2,2
1663455,1663452,0,0,0,0
1663549,1662365,0,0,0,0
1663449,1663472,0,0,0,0
1663507,1663422,0,2,0,0
1663498,1663507,0,0,0,0
1663510,1663498,2,1,1,1
1663355,1663492,0,0,0,0
1663430,1663508,0,0,0,0
1663508,1663375,0,0,0,0
1663438,1663515,0,0,0,1
1663430,1663515,0,0,0,1
1663508,1663553,0,0,0,1
1663472,1663553,0,0,0,0
1663563,1663498,0,0,0,0
1663440,1663570,0,0,0,0
1663578,1663449,0,0,0,0
1663577,1663472,0,0,0,0
1663578,1663577,1,0,0,0
1663579,1663578,0,0,0,0
1663446,1663579,0,0,0,0
1663581,1663579,0,0,0,0
1663581,1663444,0,0,0,0
1663584,1663581,1,2,0,0
1663587,1663584,0,0,0,0
1663590,1663587,1,1,1,0
1663601,1663507,0,0,1,0
1663601,1663590,0,0,0,0
1663553,1663603,0,0,0,0
1663577,1663603,0,0,0,0
1663489,1663611,0,0,0,0
1663603,1663647,0,0,0,0
1663652,1663581,0,0,0,0
1663510,1663665,0,1,1,0
1663603,1663663,0,0,0,0
1663663,1663640,0,0,0,0
1663515,1663661,1,0,0,0
1663668,1663601,0,0,0,0
1663665,1663678,0,0,0,0
1663675,1663578,0,0,0,0
1663675,1663652,0,0,0,0
1663688,1663508,0,0,0,0
1663569,1663739,0,0,1,0
1663688,1663722,0,0,0,0
1663553,1663722,0,0,0,0
1663665,1663729,0,0,0,0
1663663,1663737,1,0,0,1
1663737,1663675,0,0,0,1
1663729,1663759,0,0,0,0
1663722,1663745,0,0,0,0
1663647,1663745,0,0,0,0
1663721,1663762,0,0,0,0
1663777,1663741,0,0,0,0
1663777,1663685,0,0,0,0
1663793,1663647,0,0,0,0
1663793,1663737,0,0,0,0
1663836,1663794,0,0,0,0
1663836,1663739,0,0,0,0
1663745,1663815,0,0,0,0
1663818,1663652,0,0,0,1
1663830,1663777,0,0,0,1
1663762,1663830,0,0,0,0
1663823,1663736,0,0,0,0
1663837,1663793,0,0,0,0
1663729,1663851,0,0,0,0
1663843,1663823,0,0,0,0
1663843,1663688,0,0,0,0
1663851,15377,0,0,0,0
1663850,1663844,0,0,0,0
1663755,1663850,0,0,0,0
1663815,1663837,0,0,0,0
1663888,1663836,0,0,0,0
15378,1663861,0,0,0,0
1663722,1663843,0,0,0,0
1663861,1663862,0,0,0,0
1663863,1663850,0,0,0,0
1663866,1663863,0,0,0,0
1663830,1663866,0,0,0,0
1663921,1663366,0,0,1,0
1663745,1663876,0,0,0,0
1663570,1663873,0,0,3,3
1663860,1663836,0,0,0,0
1663903,1663843,0,0,0,0
1663851,1663919,0,0,0,0
1663844,1663916,0,0,0,0
10698,1663943,1,0,0,0
1663943,1663938,0,0,0,0
1663549,1663992,0,1,0,0
1663916,1663949,0,0,0,0
1663949,1663926,0,0,0,0
1663972,1663819,0,0,0,0
1663919,1663972,0,0,0,0
1663968,1663818,1,0,0,1
1663981,1663862,2,0,0,2
1663980,1663830,0,1,0,0
1663983,1663968,0,0,0,0
1663998,1663949,0,0,0,0
1663998,1663980,0,0,0,0
1664002,1663980,0,0,0,0
1664009,1664002,0,0,0,0
1663972,1664009,0,1,0,1
1664019,1663861,2,2,2,2
1663981,1664019,0,0,0,0
1664013,1663818,1,2,1,1
1664021,1664013,1,1,0,0
1663973,1664021,0,0,0,0
1664017,1663903,0,0,0,0
1664025,1663983,0,0,0,0
1664017,1664038,0,0,0,0
1664038,1664051,0,0,0,1
1664026,1664051,0,0,0,0
1664065,1664002,0,0,0,0
1664069,1664021,0,0,0,0
1663968,1664064,0,0,0,0
1664051,1664063,0,0,0,0
1664032,1664063,0,0,0,0
1663983,1664078,0,0,0,0
1664062,1664082,0,0,0,0
1664038,1664079,0,0,0,0
1664167,1663549,0,0,0,0
1664174,1664167,0,0,0,0
1664125,1664122,0,0,0,0
1664064,1664126,0,0,0,0
1664126,1664114,0,0,0,0
1664063,1664137,0,0,0,0
1664137,1664082,0,0,0,0
1664082,1664025,0,0,0,0
1664009,1664147,0,0,0,0
1664148,1664125,0,0,0,0
1664128,1664148,0,0,0,0
1664157,1664125,0,0,0,0
1664093,1664159,0,0,0,0
1664159,1664122,0,1,0,0
1664121,1664155,0,0,0,0
1664064,1664155,0,0,0,0
1664163,1664126,0,0,0,0
1664051,1664165,0,0,0,0
1663916,1664185,0,0,0,0
1664147,1664190,0,0,0,0
1664155,1664199,0,0,0,0
1664208,1664159,0,0,0,0
1664204,1664163,0,0,0,0
1664159,1664228,0,0,0,0
1664237,1664148,0,0,0,0
1664170,1664247,0,0,0,0
1664190,1664247,1,0,0,0
1664247,1664237,0,0,0,0
1664248,1664163,0,0,0,0
1664148,1664256,0,0,0,0
1664255,1664013,0,0,0,0
1664266,1664248,0,0,0,0
1664271,1664137,0,0,0,0
1664155,1664271,0,0,0,0
1664291,1664237,0,0,0,0
1664247,1664295,0,0,0,0
1664271,1664290,0,1,0,1
1664290,1664248,0,0,0,0
1664328,1664255,1,0,2,1
1664344,1664301,0,0,0,0
1664344,1664271,0,0,0,0
1664290,1664349,0,0,0,0
1664190,1664359,0,0,0,0
1664355,1664290,0,0,0,0
1664349,1664378,0,0,0,0
1664328,1664378,0,0,0,0
1664355,1664391,0,0,0,0
1664137,1664344,0,0,0,0
1664378,1664414,0,0,0,0
1663739,1664487,1,1,0,2
1664213,1664467,0,0,0,0
1663943,1664489,3,0,0,0
1664486,1664294,0,0,0,0
1664487,1664202,0,0,0,0
1664482,1664355,0,1,0,0
1664202,1664609,0,0,0,0
1664174,1664709,0,0,0,0
1664487,1664738,0,0,0,0
1664738,1664742,0,0,0,0
1664797,1664605,0,0,0,0
1665038,10787,0,0,0,0
1665100,1664167,0,0,0,0
1664738,1665120,0,0,0,0
1665116,1665118,0,0,0,0
1665118,1664999,0,0,0,0
1665118,1665120,0,0,0,0
1665114,1665113,0,0,0,0
1665090,1665091,0,0,0,0
1664489,1665133,0,0,1,0
1665132,1665133,0,0,0,0
1665297,1665299,0,0,0,0
1665330,1665091,0,0,0,0
1665410,1665116,0,0,0,0
1665297,1665444,0,0,0,0
1665482,1665153,0,0,0,1
1665551,1665100,0,0,0,0
1665551,1665601,0,0,0,0
1665410,1665552,0,0,0,0
1665552,1665612,0,0,0,0
1665614,1665586,0,0,0,0
1665648,1665614,0,0,0,0
1665648,1665410,0,0,0,0
1665614,1665662,0,0,0,0
1665671,1665648,0,0,0,0
1665552,1665671,0,0,0,0
1665735,1665671,0,0,0,0
1665120,1665735,0,0,0,0
1665671,1665741,0,0,0,0
1665153,1665861,0,0,0,0
1665861,1663992,0,0,0,0
1666240,1666324,0,0,0,0
1666324,1666285,0,0,0,0
1666324,1666414,0,0,0,0
1666385,1666361,0,0,0,0
1666386,1666385,0,0,0,0
1666414,1666421,0,0,0,0
1666473,1666471,0,0,0,0
1663992,1666465,1,0,0,1
1666385,1666420,0,0,0,0
1666485,1665861,0,0,0,0
1666500,1665823,0,0,0,1
1666500,1666498,0,0,0,0
1666511,1666414,0,0,0,0
1666588,1666511,0,0,0,1
1666588,1666584,0,0,0,0
1666587,1666506,0,2,0,0
1666642,1666588,0,0,0,0
1666509,1666684,0,1,0,1
1666688,1666648,0,0,0,0
1666684,1666726,0,0,0,0
1666688,1666737,0,0,0,0
1666737,1666512,1,0,1,0
1666684,1666858,0,0,0,0
1666865,1666844,0,0,0,0
1666858,1666865,0,0,0,0
1666865,1666938,0,0,0,0
1666938,1666998,0,0,0,0
1666998,1667003,0,0,0,0
1667020,1666923,0,0,0,0
1667020,1667021,0,0,0,0
1667021,1666688,0,0,0,0
1667037,1666485,0,1,2,1
1667026,1667037,0,0,0,0
1666858,1667028,0,0,0,0
1667028,1667020,0,0,0,0
1667028,1666865,0,0,0,0
1667070,1667066,0,0,0,0
1666998,1667070,0,0,0,0
1667083,1667070,0,0,0,0
1667083,1667104,0,0,0,0
1667104,1667028,0,0,0,0
1667021,1667104,0,0,0,0
1667108,1666587,0,1,0,0
1667098,1667097,0,0,0,0
1667100,1667098,0,0,0,0
1667104,1667174,0,0,0,0
1667174,1667145,0,0,0,0
1667066,1667203,0,0,0,0
1667238,1667083,0,0,0,0
1667238,1667174,0,0,0,0
1667174,1667205,0,0,0,0
1667203,1667302,0,0,0,0
1667248,1667287,0,0,0,0
1667302,1667378,0,0,0,0
1666473,1667498,0,0,0,0
1667498,1667493,0,0,0,0
1667144,1667503,0,0,1,1
1667302,1667484,0,0,0,0
1667484,1667238,0,0,0,0
1667484,1667486,0,0,0,0
1667503,1667518,0,0,0,2
1667037,1667518,0,0,0,0
1667518,1667498,0,0,0,1
1667529,1667532,0,0,0,0
1667532,1667533,0,0,0,0
1667533,1667534,0,0,0,0
1667533,1667587,0,0,0,0
1667587,1667586,0,0,0,0
1667534,1667636,0,0,0,0
1667636,1667652,0,0,0,0
1667595,1667658,0,0,0,0
1667663,1667658,0,0,0,0
1667493,1667714,0,0,0,0
1667658,1667711,0,0,0,0
1667636,1667710,0,0,0,0
1667658,1667728,0,0,0,0
1667710,1667730,0,0,0,0
1667587,1667739,0,0,0,0
1667144,1667774,0,0,0,0
1667771,1667291,0,0,0,0
1667710,1667773,0,0,0,0
1667876,1667823,0,0,0,0
1667771,1667899,0,0,0,0
1667714,1667939,0,0,0,0
1668103,1667899,0,0,1,1
1667876,1668103,0,0,0,0
1667518,1668213,0,0,0,0
1668231,1668195,0,0,0,0
1668231,1668327,0,0,0,0
1668195,1668327,0,0,0,0
1668298,1668329,0,0,0,0
1667493,1668393,0,0,0,0
1667714,11127,0,0,0,0
1661946,10464,0,0,1,0
1662510,10523,1,2,0,1
1662750,1662510,2,1,2,0
1662946,1662750,2,1,1,0
1663328,1663329,1,0,1,2
1667899,1667829,0,0,0,0
1667829,1667876,0,0,0,0
1667829,1667779,0,0,0,0
1666947,1667144,0,0,0,1
1666498,1666947,0,0,3,3
1667783,1667300,0,0,0,0
1667774,1667783,0,0,0,0
1667783,1667771,1,0,0,1
1666947,1667085,0,0,0,0
1666480,1666321,0,0,0,0
1666485,1666480,3,1,0,2
1666490,1666349,0,0,0,0
1666480,1666490,0,0,0,0
1666494,1666699,0,0,0,0
1666490,1666494,0,0,1,2
1666494,1666498,0,0,0,0
1666504,1666295,0,0,0,0
1666512,1666504,0,0,0,0
1666504,1666500,0,0,0,0
1668086,1667949,0,0,0,0
1668329,1667949,0,0,0,0
1667949,1667503,1,0,0,0
1668393,1668266,0,0,0,0
1666589,1666485,1,1,0,0
1666589,1666670,0,0,0,0
1666471,1665551,0,0,0,0
1664722,1664761,1,0,0,0
1664722,1665153,0,0,0,0
1663343,1664722,0,0,0,0
1664202,1663921,0,0,0,0
1663086,1663265,0,0,0,0
1663265,1663230,0,0,0,0
1663265,1663289,0,0,0,0
1662176,1662487,0,0,0,0
1662487,1662490,0,0,0,0
1662487,1663075,0,0,0,0
1663075,1663632,0,0,0,1
1663901,1664174,0,0,0,0
1661719,1661725,0,0,0,0
1661725,1661700,0,0,0,0
1661719,1661670,0,0,0,0
2008373,1661719,0,0,0,0
1661742,1661725,0,0,0,0
1661838,1661802,0,0,0,0
1661668,1661907,0,0,0,0
1663717,2024346,0,0,0,0
2024347,1663861,0,0,0,0
1664156,1663981,1,0,1,0
1664144,1664213,0,0,0,0
1663583,1664213,0,0,0,0
1663717,1663870,1,0,0,1
1663862,1663870,0,0,0,0
1663870,1664144,1,0,0,0
1663470,1663510,0,0,0,0
1663973,1663897,0,0,0,0
1663897,1663916,0,0,0,0
1664021,1663897,0,0,0,0
1663741,1663687,0,0,0,0
1663687,1663668,0,0,0,0
1663687,1663689,0,1,0,0
1663344,1663297,0,0,0,0
1663297,1663228,0,1,3,2
1663207,1663293,0,0,0,0
1663207,1663205,0,0,0,0
1663205,1663203,0,0,0,0
1663205,1663266,0,0,0,0
1662477,1662536,0,0,0,0
1662437,1662481,0,0,0,0
1662481,1662494,0,0,0,0
1662494,1662536,0,0,0,0
1662474,1662494,0,0,0,0
1662420,1662474,0,0,0,0
1662421,1662431,0,0,0,0
1662437,1662421,0,0,0,0
1662421,1662420,0,0,0,0
1662582,1662460,0,1,0,0
1662837,1662887,0,1,1,0
1661196,1661199,0,0,0,0
1661199,1661200,0,0,0,0
1661559,1661560,0,0,0,0
1661560,1661556,0,0,1,2
1662410,1662412,0,0,0,0
1662412,1662539,0,0,0,0
1662247,1662403,0,0,0,0
1662247,1662248,0,0,0,0
1662403,1662400,1,0,1,2
1662159,1661967,0,0,0,0
1662257,1662168,0,0,0,0
1662190,1662078,0,0,0,0
1662159,1662190,0,0,0,0
1662190,1662257,0,0,0,0
1662257,1662395,0,0,0,0
1662400,1662395,0,0,1,0
1662200,1662159,0,0,0,0
1662400,1662277,0,0,0,0
1662277,1662200,0,0,0,0
1662200,1662167,0,0,0,0
1662277,1662237,0,0,0,0
1663394,1663206,0,0,0,0
1664483,1664253,0,0,0,0
1665956,1665971,0,0,0,0
1665956,1666240,0,0,0,0
1665971,1666044,0,0,0,0
1665735,1666025,0,0,0,0
1666025,1666512,0,0,0,1
1665586,1665956,0,0,0,0
1665114,1665218,0,0,0,0
1665218,1665297,0,0,0,0
1665890,1665956,0,0,0,0
1665466,1665472,0,0,0,0
1665466,1665615,0,0,0,0
1665615,1665890,0,0,0,0
1665890,1665685,0,0,0,0
1666044,1666026,0,0,0,0
1666026,1666025,0,0,0,0
1666203,1666113,0,0,0,0
1666112,1666203,0,0,0,0
1666203,1666353,0,0,0,0
1666353,1666509,0,0,0,0
1666353,1666372,0,0,0,0
1666294,1666353,0,0,0,0
1666026,1666165,0,0,0,0
1665971,1665902,0,0,0,0
2304262,1666984,0,0,0,0
1666984,1666907,0,0,0,0
2304263,1667179,0,0,0,0
1667179,1667162,0,0,0,0
1666984,1667179,0,0,0,0
1667933,1668044,0,0,0,0
1667933,1668046,0,0,0,0
1667874,1667931,0,0,0,0
1668168,1668185,0,0,0,0
1668018,1668168,0,0,0,0
1668046,1667877,0,0,0,0
1667663,1667874,0,0,0,0
1667874,1667933,0,0,0,0
1667877,1667880,0,0,0,0
1667880,1668018,0,0,0,0
1667877,1667835,0,0,0,0
1665046,1665100,0,0,0,0
1663075,1662995,0,0,0,0
10492,1661921,0,0,0,0
1661921,1661874,0,0,0,0
1662064,10492,0,0,0,0
1662064,1662172,0,0,0,0
1662235,1662321,1,0,0,0
1662065,1662121,0,0,0,0
1662121,1662083,0,0,0,0
1662121,1662120,0,0,0,0
1662178,1662177,0,0,0,1
1662177,1662120,0,0,0,0
1662120,1662079,0,1,0,0
1662120,1662118,0,0,0,0
1662175,1662147,0,0,0,0
1662236,1662208,0,0,0,0
1662280,1662236,0,0,0,0
1662236,1662204,0,0,0,0
1662204,1662175,0,1,0,0
1662258,1662236,0,0,0,0
1662203,1662175,0,0,0,0
1662173,1662141,0,0,0,0
1662173,1662203,0,0,0,0
1662098,1662173,0,0,0,0
1662228,1662204,0,0,0,0
1662203,1662228,0,0,0,0
1662228,1662258,0,0,0,0
1662258,1662307,0,0,0,0
1662244,1662203,0,0,0,0
1662303,1662429,0,1,1,2
1662673,1662681,0,0,0,0
1662460,1662569,1,2,1,2
1663212,1663215,0,4,2,3
2026265,1662230,0,0,0,0
1662509,1662561,0,0,1,0
1662561,1662625,0,0,0,0
1662753,1662803,0,0,0,0
1662803,1662945,0,1,0,0
1662804,1662756,0,0,0,0
1662804,1662803,0,0,0,1
1663076,1663054,0,0,0,0
1663611,1663607,0,0,0,0
1663590,1663775,0,0,0,0
1663775,1663844,0,0,0,0
1663770,1663775,0,0,0,0
1663762,1663646,0,0,0,0
1663646,1663668,0,0,0,0
1663646,1663596,0,0,0,0
1664122,1664052,0,0,0,0
1664052,1663998,0,1,0,0
1664052,1664056,0,0,0,0
1664349,1664383,0,0,0,0
1663605,1663710,0,0,0,0
1663710,1663717,0,0,0,0
1664144,1664197,0,0,0,0
2296035,1663189,0,0,0,0
1665615,1665732,0,0,0,0
1665732,1666112,0,0,0,0
1665732,1665652,0,0,0,0
1665652,1665603,0,0,0,0
1665603,1665455,0,0,0,0
1665455,1665354,0,0,0,0
1665543,1665653,0,0,0,0
1665455,1665543,0,0,0,0
1665133,1665127,0,0,0,0
1665127,1665114,0,0,0,0
1665354,1665127,0,0,0,0
1665354,1665353,0,0,0,0
1665543,1665448,0,0,0,0
1662147,1662100,0,0,0,0
1662100,1662071,0,0,0,0
1662374,1662365,0,0,0,0
1662811,1662810,0,0,0,0
1662309,1662375,0,0,0,0
1662375,1662374,0,0,0,0
1662375,1662538,0,0,0,0
1661921,1661911,0,0,0,0
1662100,1662067,1,0,0,0
1662067,1662074,0,0,0,0
1662074,1662132,0,0,0,0
1662208,1662155,0,0,0,0
1662155,1662147,0,0,0,0
1662155,1662074,1,0,0,1
1662922,1662971,0,0,0,0
1664019,1664469,0,0,0,0
1662357,1662463,0,1,0,1
1662372,1662357,0,2,0,2
1662463,1662462,0,0,0,0
1662372,1662462,0,1,2,0
2005034,2005032,0,0,0,0
1662276,1662319,0,0,0,0
1662319,1662509,0,0,0,0
1661549,1661547,0,0,0,0
1661555,1661566,0,0,0,0
1661566,1661547,0,0,0,0
1661577,1661544,0,0,0,0
1661547,1661585,0,0,0,0
1661566,1661593,0,0,0,0
1661593,1661585,0,0,0,0
1661598,1661555,0,0,0,0
1661585,1661676,0,0,0,0
1661676,1661577,0,0,0,0
1661614,1661598,0,0,0,0
1661614,1661593,0,0,0,0
1661585,1661620,0,0,0,0
1661620,1661676,0,0,0,0
1661614,1661719,0,0,0,0
1661670,1661614,0,0,0,0
1661555,1661553,0,0,0,0
1661389,1661553,0,0,0,0
1661553,1661668,0,0,0,0
1661670,1661668,0,0,0,0
1662813,1662784,0,1,1,0
1662286,1662282,0,0,0,0
1663293,1663344,4,2,1,2
1661879,1661890,0,0,0,0
1662040,1662109,0,0,0,0
1662898,1662957,0,0,0,0
1662000,1662049,0,0,0,0
1662088,1662069,0,0,0,0
1663583,1663604,0,0,0,2
1663604,1663605,0,0,0,0
1663710,1663604,0,0,0,1
1663450,1663531,0,0,0,0
1663531,1663584,1,0,0,0
1661577,1661558,0,0,0,0
2013290,1661558,0,0,0,0
1668381,1668383,0,0,0,0
1668391,1668383,0,0,0,0
1667774,1668437,0,0,0,0
1668437,1668463,0,0,0,0
1668463,1668285,0,0,0,0
1668437,1668549,0,0,0,0
1668103,1668551,1,0,0,0
1668213,1668630,0,0,0,0
1668329,1668636,0,0,0,0
1668327,1668822,0,0,0,0
1669042,1668393,0,0,0,0
1668046,1668449,0,0,0,0
1668168,1668444,0,0,0,0
1668633,1668388,0,0,0,0
15377,15378,0,0,0,0
1663297,1663298,0,0,0,0
1662474,1662481,0,0,0,0
1667544,1667663,0,0,0,0
1662513,1662458,0,0,0,0
1662433,1662417,0,0,1,1
1661729,1662290,1,0,0,2
1661584,1662386,1,0,1,0
1666471,10949,0,0,0,0
1660820,1661200,0,0,0,0
1661705,1661678,0,0,0,0
1661705,1661704,0,0,0,0
1661697,1661723,0,0,0,0
1661723,1661705,0,0,0,0
1661739,1661705,0,0,0,0
1661704,1661754,0,0,0,0
1661746,1661754,0,0,0,0
1661767,1661704,0,0,0,0
1661768,1661723,0,0,0,0
1661768,1661769,0,0,0,0
1661769,1661767,0,0,0,0
1661754,1661794,0,0,0,0
1661795,1661794,0,0,0,0
1661746,1661805,0,0,0,0
1661794,1661834,0,0,0,0
1661834,1661767,0,0,0,0
1661774,1661836,0,0,0,0
1661836,1661867,0,0,0,0
1661867,1661868,0,0,0,0
1661869,1661825,0,0,0,0
1661868,1661869,0,0,0,0
1661869,1661880,0,0,0,0
1661744,10464,0,0,0,0
1661805,1661884,0,0,0,0
1661880,1661884,0,0,0,2
1661878,1661768,0,0,0,0
1661805,1661887,0,0,0,0
1661884,1661887,0,0,0,1
1661769,1661882,0,0,0,0
1661834,1661886,0,0,0,0
1661887,1661886,0,0,0,2
1661886,1661882,0,0,0,0
1661837,1661851,0,0,0,0
1661838,1661851,0,0,0,0
1661868,1661936,0,0,0,0
1661939,1661936,0,0,0,0
1661867,1661939,0,0,0,0
1661942,1661869,0,0,0,0
1661936,1661942,0,0,0,0
1661879,1661838,0,0,0,0
1661906,1661908,0,0,0,0
1661950,1661942,0,0,0,0
1661959,1661880,0,0,0,0
1661950,1661959,0,0,0,0
1661851,1661904,0,0,0,0
1661904,1661907,0,0,0,0
1661940,1661952,0,0,0,0
1661952,1661801,0,0,0,0
1661951,1661993,0,0,0,0
1661946,1661908,0,0,1,0
1661908,1661945,0,0,0,0
1661936,1662004,0,0,0,0
1662004,1661950,0,0,0,0
1661945,1661965,0,0,0,0
1661927,1662019,0,0,0,0
1661970,1661966,0,0,0,0
1661965,1661970,0,0,0,0
1662019,1662023,0,0,0,0
1661904,1661969,0,0,0,0
1661993,1662036,0,0,0,0
1661974,1661978,0,0,0,0
1661977,1661974,0,0,0,0
1661978,1661984,0,0,0,0
1661984,1661974,0,0,0,0
1661988,1661879,0,0,0,0
1661987,1661988,0,0,0,0
1661997,1662008,0,0,0,0
1662008,1661945,0,0,0,0
1662055,1662004,0,0,0,0
1662053,1662055,0,0,0,0
1662011,1661970,0,0,0,0
1661984,1662000,0,0,0,0
1662000,1662001,0,0,0,0
1662001,1662003,0,0,0,0
1662003,1661907,0,1,1,0
1662023,1662070,0,0,0,0
1661940,1662062,0,0,0,0
1662062,1661952,0,0,0,0
1662070,1662075,0,0,0,0
1662016,1662068,0,0,0,0
1661969,1662042,0,0,0,0
1662042,1662040,0,0,0,0
1662040,1662044,0,0,0,0
1662044,1661988,0,0,0,0
1662091,1662036,0,0,0,0
1662096,1662055,0,0,0,0
1662096,1662093,0,0,0,0
1662098,1662096,0,0,0,0
1661939,1662098,0,0,0,0
1662036,1662091,0,0,0,0
1661897,1662118,0,0,0,0
1662057,1662117,0,0,0,0
1662117,1662118,0,0,0,0
1662054,1662119,0,0,0,0
1662119,1662117,0,0,0,0
1661965,1662066,0,0,0,0
1661993,1662113,0,0,0,0
1662068,1661940,0,0,0,0
1662039,1662129,0,0,0,0
1662129,1662119,0,0,0,0
1662138,1662129,0,0,0,0
1662091,1662141,0,0,0,0
1662113,1662141,0,0,0,0
1662070,1662149,0,0,0,0
1662149,1662138,0,0,0,0
1662113,1662147,0,0,0,0
1662088,1662008,0,0,0,0
1662090,1662088,0,0,0,0
1662075,1662154,0,0,0,0
1662154,1662149,0,0,0,0
1662042,1662085,0,0,0,0
1661793,1662176,0,0,0,0
1662085,1661969,0,0,0,0
10503,1662121,0,0,0,0
1662145,1661949,0,0,0,0
1662132,1662164,0,0,0,0
1662164,1662154,0,0,0,0
1662098,1662161,0,0,0,0
1662165,1662093,0,0,0,0
1662165,1662161,0,0,0,0
1662118,1662178,0,0,0,0
1662117,1662179,0,0,0,0
1662178,1662179,0,0,0,0
1662119,1662181,0,0,0,0
1662179,1662181,0,0,0,0
1662129,1662183,0,0,0,0
1662181,1662183,0,0,0,0
1662088,1662148,0,0,0,0
1662192,1662138,0,0,0,0
1662183,1662192,0,0,0,0
1662139,1662085,0,0,0,0
1662149,1662201,0,0,0,0
1662185,1662068,0,0,0,0
1662062,1662187,0,0,0,0
1662187,1662185,0,0,0,0
1662181,1662206,0,0,0,0
1662154,1662209,0,0,0,0
1662132,1662208,0,0,0,0
1662166,1662139,0,0,0,0
1662166,1662044,1,0,0,0
1662164,1662225,0,0,0,0
1662090,1662186,0,0,0,0
1662186,1662191,0,0,0,0
1662208,1662239,0,0,0,0
1662239,1662164,0,0,0,0
1662161,1662244,0,0,0,0
1662239,1662251,0,0,0,0
1662252,1662165,1,0,0,0
1662161,1662252,0,0,0,0
1662186,1662224,0,0,0,0
1662224,1662090,0,0,0,0
1662217,1662220,0,0,0,0
1662220,1662166,0,0,0,0
1662270,1662187,0,0,0,0
1662246,1662270,0,0,0,0
1662309,10503,0,0,0,1
1662281,1662185,0,0,0,0
1662337,1661833,0,0,0,0
1662176,1662337,0,0,0,0
1662309,1662320,0,0,0,0
1662254,1662227,0,0,0,0
1662254,1662224,0,0,0,0
1662224,1662259,0,0,0,0
1662259,1662230,0,0,0,0
1662313,1662281,0,0,0,0
1662305,1662314,0,0,0,0
1662241,1662314,0,0,0,0
1662320,1662351,0,0,0,0
1662385,1661743,0,0,0,0
1662337,1662365,0,1,0,0
1662276,1662291,0,0,0,0
1662291,1662242,0,0,0,0
1662291,1662293,0,0,0,0
1662293,1662238,0,0,0,0
1662293,1662254,0,0,0,0
1662244,1662353,0,0,0,0
1662314,1662324,0,0,0,0
1662324,1662281,0,0,0,0
1662187,1662343,0,0,0,0
1662270,1662343,0,0,0,0
1662351,1662362,0,0,0,0
1662308,1662230,0,0,0,0
1662303,1662217,1,3,5,3
10523,1662349,1,0,3,3
1662358,10523,0,0,0,0
1662381,1662382,0,0,0,0
1662382,1662386,0,0,0,0
1662386,1662388,0,0,0,0
1662407,1662290,0,0,0,0
1662343,1662409,0,0,0,0
1662411,1662409,0,0,0,0
1662410,1662324,0,0,0,0
1662410,1662411,0,0,0,0
1662342,1662406,0,0,0,0
1662404,1662406,0,0,0,0
1662403,1662404,0,0,0,0
1662362,1662430,0,0,1,0
1662394,1662358,0,0,0,0
1662416,1662303,1,3,2,1
1662220,1662416,0,0,0,0
1662252,1662482,0,0,0,0
1662388,1662459,0,0,0,0
1662466,1662459,0,0,0,0
1662453,1662358,0,0,0,0
1662439,1662416,0,0,0,0
1662440,1662429,0,0,0,0
1662453,1662457,0,0,0,0
1662465,1662399,0,0,0,0
1662465,1662394,0,0,0,0
1662460,1662439,0,0,1,0
1662437,1662460,0,0,0,0
1662459,1662503,0,0,0,0
1662427,1662503,0,0,0,0
1662513,1662528,0,0,0,0
1662486,1662440,0,0,0,0
1662506,1662465,0,0,0,0
1662506,1662457,0,0,0,0
1662555,1662351,0,0,0,0
1662509,1662465,0,0,0,0
1662514,1662510,0,0,0,0
1662514,1662349,0,0,0,1
1662457,1662512,0,0,0,0
1662565,1662362,0,0,0,0
1662565,1662555,0,0,0,0
1662534,1662382,0,0,0,0
1662432,1662534,0,0,0,0
1662512,1662521,0,0,0,0
1662521,1662512,0,0,0,0
1662503,1662556,0,0,0,0
1662602,1662320,0,0,0,0
1662574,1662411,0,0,0,0
1662615,1662602,0,0,0,0
1662606,1662635,0,0,0,0
1662635,1662602,0,0,0,0
1662563,1662506,0,0,0,0
1662569,1662536,0,0,0,0
1662521,1662589,0,0,0,0
1662589,1662563,0,0,0,0
1662596,1662589,0,0,0,0
1662596,1662453,0,0,0,0
1662582,1662439,0,0,0,0
1662409,1662407,0,0,0,0
1662682,1662555,0,0,0,0
1662556,1662653,0,0,0,0
1662591,1662604,0,0,0,0
1662604,1662569,0,0,0,0
1662625,1662563,0,0,0,0
1662631,1662582,0,0,0,0
1662699,1662635,0,0,0,0
1662672,1662556,0,0,0,0
1662722,1662699,0,0,0,0
1662674,1662707,0,0,0,0
1662709,1662710,0,0,0,0
1662710,1662707,0,0,0,0
1662707,1662713,0,0,0,0
1662691,1662653,0,0,0,0
1662589,1662679,0,0,0,0
1662701,1662534,0,0,0,0
1662681,1662604,0,0,0,0
1662736,1662565,0,0,0,0
1662696,1662701,0,0,0,0
1662694,1662625,0,0,0,0
1662679,1662694,0,0,0,0
1662653,1662721,0,0,0,0
1662694,1662698,0,0,0,0
1662715,1662509,0,0,0,0
1662734,1662701,0,0,0,0
1662731,1662596,0,0,0,0
1662732,1662679,0,0,0,0
1662732,1662731,0,0,0,0
1662731,1662735,0,0,0,0
1662735,1662453,0,0,0,0
1662728,1662725,0,0,0,0
1662728,1662681,0,0,0,0
1662735,1662750,0,0,0,0
1662738,1662728,0,0,0,0
1662738,1662681,0,0,0,0
1662721,1662764,0,0,0,0
1662715,1662752,0,0,0,0
1662755,1662514,0,0,0,0
1662753,1662694,0,0,0,0
1662753,1662732,0,0,0,0
1662749,1662738,0,0,0,0
1662749,1662704,0,0,0,0
1662751,1662704,1,0,0,0
1662638,1662751,0,0,0,0
1662698,1662756,0,0,0,0
1662756,1662753,0,0,0,0
1662752,1662756,0,0,0,0
1662769,1662749,0,0,0,0
1662771,1662728,0,0,0,0
1662823,1662722,0,0,0,0
1662764,1662734,0,0,0,0
1662815,1662710,0,0,0,0
1662794,1662715,0,0,0,0
1662764,1662806,0,0,0,0
1662812,1662755,0,0,0,0
1662778,1662826,0,0,0,0
1662826,1662381,0,0,0,0
1662816,1662752,0,0,0,0
1662839,1662734,0,0,0,0
1662835,1662794,0,0,0,0
1662813,1662837,0,0,0,1
1662837,1662843,1,0,0,0
1662843,1662835,0,0,0,0
1662860,1662899,0,0,0,0
1662899,1662902,0,0,0,0
1662887,1662813,0,3,1,3
1662901,1662899,0,0,0,0
1662835,1662914,0,0,0,0
1662922,1662914,0,0,0,0
1662933,1662843,0,0,0,0
1662933,1662922,0,0,0,0
1662902,1662964,0,0,0,0
1662944,1662933,0,0,0,0
1662957,1662942,0,0,0,0
1662914,1662961,0,0,0,0
1662942,1662961,0,0,0,0
1662967,1662957,0,0,0,0
1662967,1662943,0,0,0,0
1662909,1663012,0,0,0,0
1663013,1663012,0,0,0,0
1663012,1663014,0,0,0,0
2034247,1663014,0,0,0,0
1662961,1663010,0,0,0,0
1662707,1663062,0,0,0,0
1663032,1663010,0,0,0,0
1663032,1662967,0,0,0,0
1662975,1663086,0,0,0,0
1663086,1663062,0,0,0,0
1663059,1662887,1,3,1,1
1663010,1663072,0,0,0,0
1663079,1663076,0,0,0,0
1663079,1662945,0,0,1,0
1663078,1663032,0,0,0,0
1663076,1663078,0,0,0,0
1663081,1663072,0,0,0,0
1663078,1663081,0,0,0,0
1663072,1663083,0,0,0,0
1663090,1662933,0,0,0,0
1663083,1663090,0,0,0,0
1663090,1663059,0,0,0,0
1663014,1663106,0,0,0,0
1663133,1663081,0,0,0,0
1663076,1663139,0,0,0,0
1663139,1663144,0,0,0,0
1663144,1663079,0,0,0,0
1663143,1663078,0,0,0,0
1663143,1663139,0,0,0,0
1663144,1663149,0,0,0,0
1663149,1663079,0,0,0,0
1663151,1663133,0,0,0,0
1663012,1663160,0,0,0,0
1663160,1663164,0,0,0,0
1663106,1663164,0,0,0,0
1663162,1663126,0,0,0,0
1663162,1663133,0,0,0,0
1662964,1663180,0,0,0,0
1662899,1663210,0,0,0,0
1663210,1663212,4,0,1,1
1663139,1663203,3,0,0,0
1663208,1663203,0,0,0,0
1663208,1663144,0,0,0,0
1663207,1663143,0,0,0,0
1663218,1663208,0,0,0,0
1663218,1663149,0,0,0,0
1663224,1663218,0,0,0,0
1663224,1663160,0,0,0,0
1663216,1663162,0,0,0,0
1663207,1663216,0,0,0,0
1663227,1663224,0,0,0,0
1663160,1663227,0,0,0,0
1663229,1663227,0,0,0,0
1663164,1663229,0,0,0,0
1663072,1663228,0,0,0,0
1663228,1663216,0,0,0,1
1663062,10668,0,0,0,0
1663343,1662430,1,2,0,2
1663203,1663291,1,3,1,0
1663180,1663308,0,0,0,0
1663291,1663294,2,1,0,1
1663294,1663208,0,0,1,1
1663292,1663291,0,7,1,0
1663293,1663292,0,1,1,0
1663299,1663294,2,3,3,6
1663299,1663218,0,0,0,0
1663301,1663299,3,2,3,1
1663301,1663224,0,0,0,1
10668,1663366,0,0,0,0
1663314,1663301,5,9,12,12
1663229,1663314,0,0,0,0
1663319,1663314,5,4,6,7
15381,1663319,4,3,3,4
1663358,1663276,1,1,0,2
1663352,1663059,1,1,1,0
1663352,1663351,0,0,0,0
1663351,1663361,0,0,0,0
1663355,1663352,0,0,0,0
1663308,1663378,0,0,0,0
1663291,1663372,1,1,3,3
1663374,1663361,1,0,0,1
1663374,1663344,1,2,2,1
1663292,1663375,0,0,0,0
1663372,1663375,0,0,1,1
1663377,1663372,2,1,0,3
1663377,1663299,0,0,0,0
1663383,1663377,0,0,1,1
1663383,1663301,0,0,1,0
1663390,1663383,5,1,2,1
1663314,1663390,0,0,0,0
1663395,1663390,1,7,0,1
1663395,1663319,0,0,0,0
1663390,1663422,0,0,0,0
1663422,1663395,0,0,0,0
1663430,1663374,0,2,0,1
1663361,1663438,0,0,0,0
1663351,1663439,0,0,0,0
1663438,1663439,0,0,0,0
1663372,1663444,2,6,1,0
1663440,1663352,0,1,0,0
1663439,1663440,0,0,0,0
1663446,1663444,0,0,0,0
1663444,1663450,0,0,0,0
1663375,1663449,0,0,0,0
1663449,1663446,0,0,0,0
1663450,1663452,0,0,0,0
1663452,1663377,0,0,0,0
1663455,1663383,0,0,0,0
1663455,1663422,0,0,0,0
1663452,1663455,0,0,0,0
1662365,1663549,0,0,0,1
1663472,1663449,0,0,0,0
1663422,1663507,0,0,0,0
1663507,1663498,0,0,0,0
1663498,1663510,0,0,0,0
1663492,1663355,0,0,0,0
1663508,1663430,0,0,0,0
1663375,1663508,1,2,1,1
1663515,1663438,0,0,0,0
1663515,1663430,0,0,0,2
1663553,1663508,0,0,0,0
1663553,1663472,0,0,0,0
1663498,1663563,1,0,0,0
1663570,1663440,2,1,2,0
1663449,1663578,0,0,0,0
1663472,1663577,0,0,0,0
1663577,1663578,0,0,0,0
1663578,1663579,0,0,0,0
1663579,1663446,0,0,0,0
1663579,1663581,0,0,0,0
1663444,1663581,1,5,1,2
1663581,1663584,0,0,0,0
1663584,1663587,0,0,0,0
1663587,1663590,0,0,0,0
1663507,1663601,0,0,0,0
1663590,1663601,0,0,0,0
1663603,1663553,0,0,0,0
1663603,1663577,0,0,0,0
1663611,1663489,0,0,0,0
1663647,1663603,0,0,0,0
1663581,1663652,0,1,0,0
1663665,1663510,0,0,0,0
1663663,1663603,0,0,0,0
1663640,1663663,0,0,0,0
1663661,1663515,0,0,2,0
1663601,1663668,0,0,0,0
1663678,1663665,0,0,0,0
1663578,1663675,0,0,0,0
1663652,1663675,0,0,0,0
1663508,1663688,1,1,0,1
1663739,1663569,0,0,0,0
1663722,1663688,0,1,0,0
1663722,1663553,0,0,0,0
1663729,1663665,0,0,2,0
1663737,1663663,0,0,0,0
1663675,1663737,0,0,0,0
1663759,1663729,0,0,0,0
1663745,1663722,0,0,0,0
1663745,1663647,0,0,0,0
1663762,1663721,0,0,0,0
1663741,1663777,0,0,0,0
1663685,1663777,0,0,0,0
1663647,1663793,0,0,0,0
1663737,1663793,0,0,0,0
1663794,1663836,0,0,0,0
1663739,1663836,0,0,0,0
1663815,1663745,0,0,0,0
1663652,1663818,0,0,0,0
1663777,1663830,0,0,0,0
1663830,1663762,0,0,0,0
1663736,1663823,0,0,0,0
1663793,1663837,0,0,0,0
1663851,1663729,0,0,1,0
1663823,1663843,0,0,0,0
1663688,1663843,0,0,0,0
15377,1663851,1,1,0,1
1663844,1663850,0,0,0,0
1663850,1663755,0,0,0,0
1663837,1663815,0,0,0,0
1663836,1663888,0,0,0,0
1663861,15378,4,5,8,8
1663843,1663722,0,0,0,0
1663862,1663861,7,3,8,4
1663850,1663863,0,0,0,0
1663863,1663866,0,0,0,0
1663866,1663830,0,0,0,0
1663366,1663921,0,0,0,0
1663876,1663745,0,0,0,0
1663873,1663570,1,3,0,3
1663836,1663860,0,0,0,0
1663843,1663903,0,0,0,0
1663919,1663851,0,1,1,0
1663916,1663844,1,0,0,0
1663943,10698,0,0,0,0
1663938,1663943,0,0,0,0
1663992,1663549,0,0,0,0
1663949,1663916,0,0,0,0
1663926,1663949,0,0,0,0
1663819,1663972,0,0,0,0
1663972,1663919,0,0,0,0
1663818,1663968,0,0,0,0
1663862,1663981,0,0,0,0
1663830,1663980,0,0,0,0
1663968,1663983,0,0,0,0
1663949,1663998,1,0,0,1
1663980,1663998,0,0,0,0
1663980,1664002,0,0,0,0
1664002,1664009,0,0,0,0
1664009,1663972,0,0,0,0
1663861,1664019,0,0,0,0
1664019,1663981,0,0,0,0
1663818,1664013,0,0,0,0
1664013,1664021,0,0,0,0
1664021,1663973,0,0,0,0
1663903,1664017,0,0,0,0
1663983,1664025,0,0,0,0
1664038,1664017,0,0,0,0
1664051,1664038,0,0,0,0
1664051,1664026,0,0,0,0
1664002,1664065,0,0,0,0
1664021,1664069,0,1,0,0
1664064,1663968,0,0,0,0
1664063,1664051,0,0,0,0
1664063,1664032,0,0,0,0
1664078,1663983,0,0,0,0
1664082,1664062,0,0,0,0
1664079,1664038,0,0,0,0
1663549,1664167,0,0,0,0
1664167,1664174,0,0,0,0
1664122,1664125,0,0,0,0
1664126,1664064,0,0,0,0
1664114,1664126,0,0,0,0
1664137,1664063,0,0,0,0
1664082,1664137,0,0,0,0
1664025,1664082,0,0,0,0
1664147,1664009,0,0,0,1
1664125,1664148,0,0,0,0
1664148,1664128,0,0,0,0
1664125,1664157,0,0,0,0
1664159,1664093,0,0,0,0
1664122,1664159,0,0,0,0
1664155,1664121,0,0,0,0
1664155,1664064,0,0,0,0
1664126,1664163,0,0,0,0
1664165,1664051,0,0,0,0
1664185,1663916,0,0,0,0
1664190,1664147,0,0,0,0
1664199,1664155,0,0,0,0
1664159,1664208,0,0,0,0
1664163,1664204,0,0,0,0
1664228,1664159,0,0,0,0
1664148,1664237,0,0,0,0
1664247,1664170,0,0,0,0
1664247,1664190,0,0,0,0
1664237,1664247,0,0,0,0
1664163,1664248,0,0,0,0
1664256,1664148,0,0,0,0
1664013,1664255,0,0,0,0
1664248,1664266,0,0,0,0
1664137,1664271,0,0,0,1
1664271,1664155,0,0,0,0
1664237,1664291,0,0,0,0
1664295,1664247,0,0,0,0
1664290,1664271,0,0,0,0
1664248,1664290,0,0,0,0
1664255,1664328,0,0,0,0
1664301,1664344,0,0,0,0
1664271,1664344,0,0,0,0
1664349,1664290,0,0,0,0
1664359,1664190,0,1,0,0
1664290,1664355,0,0,0,0
1664378,1664349,0,0,0,0
1664378,1664328,0,0,0,0
1664391,1664355,0,0,0,0
1664344,1664137,0,1,0,0
1664414,1664378,0,1,0,0
1664487,1663739,0,0,0,0
1664467,1664213,2,1,0,1
1664489,1663943,0,0,0,0
1664294,1664486,0,0,0,0
1664202,1664487,0,0,0,0
1664355,1664482,0,0,0,0
1664609,1664202,0,0,0,0
1664709,1664174,0,0,0,0
1664738,1664487,0,0,0,1
1664742,1664738,0,0,0,0
1664605,1664797,0,0,0,0
10787,1665038,0,0,0,0
1664167,1665100,0,0,0,0
1665120,1664738,0,0,0,0
1665118,1665116,0,0,0,0
1664999,1665118,0,0,0,0
1665120,1665118,0,0,1,0
1665113,1665114,0,0,0,0
1665091,1665090,0,0,0,0
1665133,1664489,0,0,0,0
1665133,1665132,0,0,0,0
1665299,1665297,0,0,0,0
1665091,1665330,0,0,0,0
1665116,1665410,0,0,0,0
1665444,1665297,0,0,0,0
1665153,1665482,0,0,0,0
1665100,1665551,0,0,0,0
1665601,1665551,0,0,0,0
1665552,1665410,0,0,0,0
1665612,1665552,0,0,0,0
1665586,1665614,0,0,0,0
1665614,1665648,0,0,0,0
1665410,1665648,0,0,0,0
1665662,1665614,0,0,0,0
1665648,1665671,0,0,0,0
1665671,1665552,0,0,0,0
1665671,1665735,0,0,0,0
1665735,1665120,0,1,0,0
1665741,1665671,0,0,0,0
1665861,1665153,0,0,2,0
1663992,1665861,1,0,1,0
1666324,1666240,0,0,0,0
1666285,1666324,0,0,0,0
1666414,1666324,0,0,0,0
1666361,1666385,0,0,0,0
1666385,1666386,0,0,0,0
1666421,1666414,0,0,0,0
1666471,1666473,0,0,0,0
1666465,1663992,0,0,0,0
1666420,1666385,0,0,0,0
1665861,1666485,0,0,0,0
1665823,1666500,0,0,0,0
1666498,1666500,0,0,0,0
1666414,1666511,0,0,0,0
1666511,1666588,0,0,0,0
1666584,1666588,0,0,0,0
1666506,1666587,0,0,0,0
1666588,1666642,0,0,0,0
1666684,1666509,0,0,0,0
1666648,1666688,0,0,0,0
1666726,1666684,0,0,0,0
1666737,1666688,0,0,0,0
1666512,1666737,0,0,0,0
1666858,1666684,0,0,0,0
1666844,1666865,0,0,0,0
1666865,1666858,0,0,0,0
1666938,1666865,0,0,0,0
1666998,1666938,0,0,0,0
1667003,1666998,0,0,0,0
1666923,1667020,0,0,0,0
1667021,1667020,0,0,0,0
1666688,1667021,0,0,0,0
1666485,1667037,0,0,0,0
1667037,1667026,0,0,0,0
1667028,1666858,0,0,0,0
1667020,1667028,0,0,0,0
1666865,1667028,0,0,0,0
1667066,1667070,0,0,0,0
1667070,1666998,0,0,0,0
1667070,1667083,0,0,0,0
1667104,1667083,0,0,0,0
1667028,1667104,0,0,0,0
1667104,1667021,0,0,0,0
1666587,1667108,0,0,0,0
1667097,1667098,0,0,0,0
1667098,1667100,0,0,0,0
1667174,1667104,0,0,0,0
1667145,1667174,0,0,0,0
1667203,1667066,0,0,0,0
1667083,1667238,0,0,0,0
1667174,1667238,0,0,0,0
1667205,1667174,0,0,0,0
1667302,1667203,0,0,0,0
1667287,1667248,0,0,0,0
1667378,1667302,0,0,0,0
1667498,1666473,0,0,0,0
1667493,1667498,0,0,0,0
1667503,1667144,0,0,0,0
1667287,1667287,0,0,0,0
1667484,1667302,0,0,0,0
1667238,1667484,0,0,0,0
1667486,1667484,0,0,0,0
1667518,1667503,0,0,0,0
1667518,1667037,1,1,2,1
1667498,1667518,0,0,0,0
1667532,1667529,0,0,0,0
1667533,1667532,0,0,0,0
1667534,1667533,0,0,0,0
1667587,1667533,0,0,0,0
1667586,1667587,0,0,0,0
1667636,1667534,0,0,0,0
1667652,1667636,0,0,0,0
1667658,1667595,0,0,0,0
1667658,1667663,0,0,0,0
1667714,1667493,0,0,0,0
1667711,1667658,0,0,0,0
1667710,1667636,0,0,0,0
1667728,1667658,0,0,0,0
1667730,1667710,0,0,0,0
1667739,1667587,0,0,0,0
1667774,1667144,1,0,0,1
1667291,1667771,0,0,0,0
1667773,1667710,0,0,0,0
1667823,1667876,0,0,0,0
1667899,1667771,0,0,0,0
1667939,1667714,0,0,0,0
1667899,1668103,0,0,0,1
1668103,1667876,0,0,0,0
1668213,1667518,2,1,1,2
1668195,1668231,0,0,0,0
1668327,1668231,0,0,0,0
1668327,1668195,0,0,0,0
1668329,1668298,0,0,0,0
1668393,1667493,0,0,0,0
11127,1667714,0,0,0,0
10464,1661946,0,0,0,0
10523,1662510,0,1,2,2
1662510,1662750,0,0,2,1
1662750,1662946,0,1,2,0
1667829,1667899,0,0,0,0
1667876,1667829,0,0,0,0
1667779,1667829,0,0,0,0
1667144,1666947,0,0,0,0
1666947,1666498,0,0,0,0
1667300,1667783,0,0,0,0
1667783,1667774,0,0,0,0
1667771,1667783,0,0,0,0
1667085,1666947,0,0,0,0
1666321,1666480,0,0,0,0
1666480,1666485,0,0,0,0
1666349,1666490,0,0,0,0
1666490,1666480,0,0,0,0
1666699,1666494,0,0,0,0
1666494,1666490,0,0,0,0
1666498,1666494,0,0,0,0
1666295,1666504,0,0,0,0
1666504,1666512,1,2,2,3
1666500,1666504,0,0,0,0
1667949,1668086,0,0,0,0
1667949,1668329,0,0,0,0
1667503,1667949,0,0,0,0
1668266,1668393,0,0,0,0
1666485,1666589,0,0,0,0
1666670,1666589,0,0,0,0
1665551,1666471,0,0,0,0
1664761,1664722,0,0,0,0
1665153,1664722,1,0,1,1
1664722,1663343,4,2,0,3
1663921,1664202,0,0,0,0
1663265,1663086,0,0,0,0
1663230,1663265,0,0,0,0
1663289,1663265,0,0,0,0
1662487,1662176,0,0,0,0
1662490,1662487,0,0,0,0
1663075,1662487,0,0,0,0
1663632,1663075,0,0,0,0
1664174,1663901,0,0,0,0
1661725,1661719,0,0,0,0
1661700,1661725,0,0,0,0
1661670,1661719,0,0,0,0
1661719,2008373,0,0,0,0
1661725,1661742,0,0,0,0
1661802,1661838,0,0,0,0
1661907,1661668,0,0,1,0
2024346,1663717,1,1,0,0
1663861,2024347,1,2,2,1
1663981,1664156,0,0,0,0
1664213,1664144,0,1,0,0
1664213,1663583,1,2,1,2
1663870,1663717,0,0,0,0
1663870,1663862,0,0,0,0
1664144,1663870,0,2,0,1
1663510,1663470,1,0,0,0
1663897,1663973,0,0,0,0
1663916,1663897,0,0,0,0
1663897,1664021,1,1,0,0
1663687,1663741,0,0,0,0
1663668,1663687,0,0,0,0
1663689,1663687,0,0,0,0
1663297,1663344,0,0,0,0
1663228,1663297,0,0,0,0
1663293,1663207,0,0,1,0
1663205,1663207,0,0,0,0
1663203,1663205,0,0,0,0
1663266,1663205,0,0,0,0
1662536,1662477,0,0,0,0
1662481,1662437,0,0,0,0
1662494,1662481,0,0,0,0
1662536,1662494,0,0,0,0
1662494,1662474,0,0,0,0
1662474,1662420,0,0,0,0
1662431,1662421,0,0,0,0
1662421,1662437,0,0,0,0
1662420,1662421,0,0,0,0
1662460,1662582,0,0,0,0
1662887,1662837,0,0,0,0
1661199,1661196,0,0,0,0
1661200,1661199,0,0,0,0
1661560,1661559,0,0,0,0
1661556,1661560,0,0,0,0
1662412,1662410,0,0,0,0
1662539,1662412,0,0,0,0
1662403,1662247,0,0,0,0
1662248,1662247,0,0,0,0
1662248,1662248,0,0,0,0
1662400,1662403,0,0,0,0
1661967,1662159,0,0,0,0
1662168,1662257,0,0,0,0
1662078,1662190,0,0,0,0
1662190,1662159,0,0,0,0
1662257,1662190,0,0,0,0
1662395,1662257,0,0,0,0
1662395,1662400,0,0,0,0
1662159,1662200,0,0,0,0
1662277,1662400,0,0,0,0
1662200,1662277,0,0,0,0
1662167,1662200,0,0,0,0
1662237,1662277,0,0,0,0
1663206,1663394,0,0,0,0
1664253,1664483,0,0,0,0
1665971,1665956,0,0,0,0
1666240,1665956,0,0,0,0
1666044,1665971,0,0,0,0
1666025,1665735,0,0,0,0
1666512,1666025,0,0,0,0
1665956,1665586,0,0,0,0
1665218,1665114,0,0,0,0
1665297,1665218,0,0,0,0
1665956,1665890,0,0,0,0
1665472,1665466,0,0,0,0
1665615,1665466,0,0,0,0
1665890,1665615,0,0,0,0
1665685,1665890,0,0,0,0
1666026,1666044,0,0,0,0
1666025,1666026,0,0,0,0
1666113,1666203,0,0,0,0
1666203,1666112,0,0,0,0
1666353,1666203,0,0,0,0
1666509,1666353,0,0,0,0
1666372,1666353,0,0,0,0
1666353,1666294,0,0,0,0
1666165,1666026,0,0,0,0
1665902,1665971,0,0,0,0
1666984,2304262,0,0,0,0
1666907,1666984,0,0,0,0
1667179,2304263,0,0,0,0
1667162,1667179,0,0,0,0
1667179,1666984,0,0,0,0
1668044,1667933,0,0,0,0
1668046,1667933,0,0,0,0
1667931,1667874,0,0,0,0
1668185,1668168,0,0,0,0
1668168,1668018,0,0,0,0
1667877,1668046,0,0,0,0
1667874,1667663,0,0,0,0
1667933,1667874,0,0,0,0
1667880,1667877,0,0,0,0
1668018,1667880,0,0,0,0
1667835,1667877,0,0,0,0
1665100,1665046,0,0,0,0
1662995,1663075,0,0,0,0
1661921,10492,0,0,0,0
1661874,1661921,0,0,0,0
10492,1662064,0,0,2,0
1662172,1662064,0,0,0,0
1662321,1662235,0,0,0,0
1662121,1662065,0,0,0,0
1662083,1662121,0,0,0,0
1662120,1662121,0,0,0,0
1662177,1662178,0,0,0,0
1662120,1662177,0,0,0,0
1662079,1662120,0,0,0,0
1662118,1662120,0,0,0,0
1662147,1662175,0,0,0,0
1662208,1662236,0,0,0,0
1662236,1662280,0,0,0,0
1662204,1662236,0,0,0,0
1662175,1662204,0,0,0,0
1662236,1662258,0,0,0,0
1662175,1662203,0,0,0,0
1662141,1662173,0,0,0,0
1662203,1662173,0,0,0,0
1662173,1662098,0,0,0,0
1662204,1662228,0,0,0,0
1662228,1662203,0,0,0,0
1662258,1662228,0,0,0,0
1662307,1662258,0,0,0,0
1662203,1662244,0,0,0,0
1662429,1662303,0,0,0,0
1662681,1662673,0,0,0,0
1662569,1662460,2,2,5,1
1663215,1663212,0,0,0,0
1662230,2026265,1,1,0,0
1662561,1662509,0,0,0,0
1662625,1662561,0,0,0,0
1662803,1662753,0,0,0,0
1662945,1662803,0,0,0,0
1662756,1662804,0,0,0,0
1662803,1662804,0,0,0,0
1663054,1663076,0,1,0,0
1663607,1663611,0,0,0,0
1663775,1663590,1,0,1,0
1663844,1663775,0,0,0,0
1663775,1663770,0,0,0,0
1663646,1663762,0,0,0,0
1663668,1663646,0,0,0,0
1663596,1663646,0,0,0,0
1664052,1664122,0,0,0,0
1663998,1664052,0,0,0,0
1664056,1664052,0,0,0,0
1664383,1664349,0,0,0,0
1663710,1663605,0,0,0,0
1663717,1663710,0,0,2,0
1664197,1664144,0,0,0,0
1663189,2296035,0,0,0,0
1665732,1665615,0,0,0,0
1666112,1665732,0,0,0,0
1665652,1665732,0,0,0,0
1665603,1665652,0,0,0,0
1665455,1665603,0,0,0,0
1665354,1665455,0,0,0,0
1665653,1665543,0,0,0,0
1665543,1665455,0,0,0,0
1665127,1665133,0,0,0,0
1665114,1665127,0,0,0,0
1665127,1665354,0,0,0,0
1665353,1665354,0,0,0,0
1665448,1665543,0,0,0,0
1662100,1662147,0,0,0,0
1662071,1662100,0,0,0,0
1662365,1662374,0,0,0,0
1662810,1662811,0,0,0,0
1662375,1662309,0,0,0,0
1662374,1662375,0,0,0,0
1662538,1662375,0,0,0,0
1661911,1661921,0,0,0,0
1662067,1662100,0,0,0,0
1662074,1662067,0,0,0,0
1662132,1662074,0,0,0,0
1662155,1662208,0,0,0,0
1662147,1662155,0,0,0,0
1662074,1662155,0,0,0,0
1662971,1662922,0,0,0,0
1664469,1664019,0,0,0,0
1662463,1662357,0,0,0,0
1662357,1662372,0,0,0,0
1662462,1662463,0,0,0,0
1662462,1662372,0,1,0,0
1662319,1662276,0,0,0,0
1662509,1662319,0,1,0,2
1661547,1661549,0,0,0,0
1661566,1661555,0,0,0,0
1661547,1661566,0,0,0,0
1661544,1661577,0,0,0,0
1661585,1661547,0,0,0,0
1661593,1661566,0,0,0,0
1661585,1661593,0,0,0,0
1661555,1661598,0,0,0,0
1661676,1661585,0,0,0,0
1661577,1661676,0,0,0,0
1661598,1661614,1,0,0,0
1661593,1661614,0,0,0,0
1661620,1661585,0,0,0,0
1661676,1661620,0,0,0,0
1661719,1661614,0,0,0,0
1661614,1661670,0,0,0,0
1661553,1661555,0,0,0,0
1661553,1661389,0,0,0,0
1661668,1661553,0,0,0,0
1661668,1661670,0,0,0,0
1662784,1662813,0,0,0,0
1662282,1662286,0,0,0,0
1663344,1663293,2,0,1,1
1661890,1661879,0,0,0,0
1662109,1662040,0,0,0,0
1662957,1662898,0,0,0,0
1662049,1662000,0,0,0,0
1662069,1662088,0,0,0,0
1662066,1662069,0,0,0,0
1662069,1662066,0,0,0,0
1663604,1663583,0,0,0,0
1663605,1663604,0,0,0,0
1663604,1663710,0,0,0,0
1663531,1663450,0,0,0,0
1663584,1663531,0,0,0,0
1661558,1661577,0,0,0,0
1661558,2013290,0,0,0,0
1668383,1668381,0,0,0,0
1668383,1668391,0,0,0,0
1668437,1667774,0,0,0,1
1668463,1668437,0,0,0,0
1668285,1668463,0,0,0,0
1668549,1668437,0,0,0,0
1668551,1668103,0,0,0,0
1668630,1668213,0,0,0,0
1668636,1668329,0,0,0,0
1668822,1668327,0,1,0,0
1668393,1669042,0,0,0,0
1668449,1668046,0,0,0,0
1668444,1668168,0,0,0,0
1668388,1668633,0,0,0,0
15378,15377,1,5,1,4
1663298,1663297,0,0,0,0
1662481,1662474,0,0,0,0
1667663,1667544,0,0,0,0
1662458,1662513,0,0,0,0
1662417,1662433,0,0,0,0
1662290,1661729,0,0,0,0
1662386,1661584,0,0,0,0
1663308,1663180,0,0,0,0
10949,1666471,0,0,1,4
1676929,1666473,0,0,0,0
1666473,1676929,0,0,0,0
1666465,1676929,0,0,0,0
1676929,1666465,0,0,0,0
1666512,1666511,1,0,1,0
1666511,1666512,0,0,0,0
1666511,1666509,1,0,0,0
1666509,1666511,0,0,0,0
1665603,1665653,0,0,0,0
1665653,1665603,0,0,0,0
1665653,1677459,0,0,0,0
1677459,1665653,0,0,0,0
1677459,1677461,0,0,0,0
1677461,1677459,0,0,0,0
1677461,1677462,0,0,0,0
1677462,1677461,0,0,0,0
1677462,1677463,0,0,0,0
1677463,1677462,0,0,0,0
1677463,1677464,0,0,0,0
1677464,1677463,0,0,0,0
1677463,1677466,0,0,0,0
1677466,1677463,0,0,0,0
1677462,1677465,0,0,0,0
1677465,1677462,0,0,0,0
1677459,1677460,0,0,0,0
1677460,1677459,0,0,0,0
1677461,1677469,0,0,0,0
1677469,1677461,0,0,0,0
1666112,1666113,0,0,0,0
1666113,1666112,0,0,0,0
1666113,1679415,0,0,0,0
1679415,1666113,0,0,0,0
1679419,1679420,0,0,0,0
1679420,1679419,0,0,0,0
1679421,1679419,0,0,0,0
1679419,1679421,0,0,1,0
1661973,1679441,0,0,0,0
1679441,1661973,0,0,0,0
1679441,1662159,0,0,0,0
1662159,1679441,0,0,0,0
1679441,1679440,0,0,0,0
1679440,1679441,0,0,0,0
1662395,1679462,0,0,0,0
1679462,1662395,0,0,0,0
1679462,1662388,0,1,0,1
1662388,1679462,0,0,0,0
1662395,1679458,1,0,0,0
1679458,1662395,0,0,0,0
1679462,1679459,0,0,0,0
1679459,1679462,0,0,0,0
1679460,1679461,0,0,0,0
1679461,1679460,0,0,0,0
1679458,1679452,0,0,0,0
1679452,1679458,0,0,0,0
1679459,1679455,0,0,0,0
1679455,1679459,0,0,0,0
1679452,1679454,0,0,0,0
1679454,1679452,0,0,0,0
1679454,1679455,0,0,0,0
1679455,1679454,0,0,0,0
1679455,1679456,0,0,0,0
1679456,1679455,0,0,0,0
1662721,1679460,0,0,0,0
1679460,1662721,0,0,0,0
1679460,1679459,0,0,0,0
1679459,1679460,0,0,0,0
1679459,1679458,0,0,0,0
1679458,1679459,0,0,0,0
1661836,1679486,0,0,0,0
1679486,1661836,0,0,0,0
1679486,1679485,0,0,0,0
1679485,1679486,0,0,0,0
2012366,1679488,0,0,0,0
1679488,2012366,0,0,0,0
1679489,2012366,0,0,0,0
2012366,1679489,0,0,0,0
1661825,1679489,0,0,0,0
1679489,1661825,0,0,0,0
1662252,1662235,0,0,0,0
1662235,1662252,0,0,0,0
1662462,1679706,0,0,0,0
1679706,1662462,0,1,0,0
1664473,1664479,0,0,0,0
1664479,1664473,0,1,0,0
1664479,1664483,0,0,0,0
1664483,1664479,0,0,0,0
1678985,1664486,0,0,0,0
1664486,1678985,1,0,0,0
1663395,1679719,0,0,0,0
1679719,1663395,1,3,1,1
1679719,1663470,0,0,0,0
1663470,1679719,0,4,2,2
1679719,15381,1,1,3,2
15381,1679719,0,0,0,0
1662794,1679723,0,0,0,0
1679723,1662794,0,0,0,0
1665132,1677464,0,0,0,0
1677464,1665132,0,0,0,0
2003172,1668231,0,0,0,0
1668213,2003172,0,0,0,0
2003172,1668213,0,0,2,1
1668231,2003172,0,0,0,0
2003172,2003173,0,0,0,0
2003173,2003172,0,0,0,0
2004247,2004256,0,0,0,0
2004256,2004247,0,0,0,0
1661966,2005014,0,0,0,0
2005014,1661966,0,0,0,0
2005014,2005018,0,0,0,0
2005018,2005014,0,0,0,0
2005018,2005019,0,0,0,1
2005019,2005018,0,0,0,0
2005019,2005020,0,0,0,0
2005020,2005019,0,0,0,0
2005019,2005021,0,0,0,0
2005021,2005019,0,0,0,0
2005024,2005018,0,0,0,0
2005018,2005024,0,0,0,0
2005025,2005024,0,1,0,0
2005024,2005025,0,0,0,0
2005024,2005026,0,0,0,0
2005026,2005024,0,0,0,0
2005027,1679723,0,0,0,1
1679723,2005027,0,0,0,0
2005027,2005029,0,1,2,1
2005029,2005027,0,0,0,0
2005029,2005030,0,0,0,0
2005030,2005029,0,0,0,0
2005030,2005032,0,0,0,0
2005032,2005030,0,0,0,0
2005032,2005033,0,0,0,0
2005033,2005032,0,0,0,0
2005029,2005034,0,0,0,0
2005034,2005029,0,0,0,0
2005034,2005035,0,0,0,1
2005035,2005034,0,0,0,0
2005036,2005035,0,0,0,0
2005035,2005036,0,0,0,0
2005035,2005037,0,0,0,0
2005037,2005035,0,0,0,0
2005036,2005033,0,0,0,0
2005033,2005036,0,0,0,0
2005037,2005036,0,0,0,0
2005036,2005037,0,0,0,0
2005037,2005038,0,0,0,0
2005038,2005037,0,0,0,0
2005039,2005038,0,0,0,0
2005038,2005039,0,0,0,0
2005040,2005041,0,0,0,0
2005041,2005040,0,0,0,0
2005041,2005042,0,0,0,0
2005042,2005041,0,0,0,0
2005042,2005039,0,0,0,0
2005039,2005042,0,0,0,0
2005097,2005040,0,0,0,0
2005040,2005097,0,0,0,0
2005104,2005097,0,0,0,0
2005097,2005104,0,0,0,0
2005038,2005104,0,0,0,1
2005104,2005038,0,0,0,0
2005104,2005102,0,0,1,0
2005102,2005104,0,0,0,0
2005107,1662319,0,0,0,0
1662319,2005107,0,0,0,0
1662276,2005107,0,0,0,0
2005107,1662276,0,0,0,0
2005110,2005107,0,0,0,0
2005107,2005110,0,0,0,0
2005102,2005110,0,0,0,0
2005110,2005102,0,0,0,0
2005102,2005117,0,0,0,0
2005117,2005102,0,0,0,0
2005117,2005118,0,0,0,0
2005118,2005117,0,0,0,0
1679737,2005123,0,0,0,0
2005123,2005110,0,0,0,0
2005110,2005123,0,0,0,0
2005123,1679737,0,0,0,0
2005123,2005118,0,0,0,0
2005118,2005123,0,0,0,0
1679737,2005124,0,0,0,0
2005124,1679737,0,0,0,0
2005118,2005124,0,0,0,0
2005124,2005118,0,0,0,0
2005118,2005125,0,0,0,0
2005125,2005118,0,0,0,0
2005125,2005127,0,0,0,0
2005127,2005125,0,0,0,0
2005127,2016722,0,0,0,0
2016722,2005127,0,0,0,0
1662715,2005027,0,1,1,1
2005027,1662715,0,0,0,0
2008365,1661802,0,0,0,0
1661802,2008365,0,0,0,0
2008366,2008367,0,0,0,0
2008367,2008366,0,1,0,0
2008368,2008367,0,0,0,0
2008367,2008368,0,0,0,0
2008368,2008369,0,0,0,0
2008369,2008368,0,0,0,0
2008369,2008370,0,0,0,0
2008370,2008369,0,0,0,0
2008369,2008371,0,0,0,1
2008371,2008369,0,0,0,0
2008368,2008372,0,0,0,0
2008372,2008368,0,0,0,0
1661676,2008372,0,0,0,0
2008372,1661676,0,0,0,0
2008372,2008373,0,0,0,0
2008373,2008372,0,0,0,0
2008367,2008373,0,0,0,0
2008373,2008367,0,0,0,0
1666465,2010162,0,0,0,0
2010162,1666589,0,0,0,0
1666589,2010162,0,0,0,0
2010162,1666465,0,0,0,0
1663401,2011346,0,0,0,0
2011346,1663401,0,0,0,0
1666044,1666240,0,0,1,0
1666240,1666044,0,0,0,0
2011363,2011365,0,0,0,0
2011365,2011363,0,0,0,0
2011377,2004247,0,0,0,0
2004247,2011377,0,0,0,0
2011377,2011378,0,0,0,0
2011378,2011377,0,0,0,0
1663276,2011531,0,0,0,0
2011531,1662964,0,2,2,4
1662964,2011531,0,0,0,0
2011531,1663276,0,0,0,0
2005125,2011680,0,0,1,0
2011680,2005125,0,0,0,0
2011680,2011681,0,0,0,0
2011681,2011680,0,0,0,0
2011681,2011682,0,1,0,0
2011682,2011681,0,0,0,0
2011680,2011687,0,0,0,0
2011687,2011680,0,0,0,0
2011681,2011688,0,0,0,0
2011688,2011681,0,0,0,0
2011682,2016714,0,0,0,0
2016714,2011682,0,1,0,0
2011688,2016714,0,0,0,0
2016714,2011688,0,0,0,0
2005097,2011693,0,0,0,0
2011693,2005097,0,0,0,0
2011693,2011687,0,0,0,0
2011687,2011693,0,0,0,0
2011693,2011688,0,0,0,0
2011688,2011693,0,0,0,0
2005097,2011703,0,0,0,0
2011703,2005117,0,0,0,0
2005117,2011703,0,0,0,0
2011703,2005097,0,0,0,0
2011703,2011687,0,0,0,0
2011687,2011703,0,0,0,0
1662902,1662826,0,0,0,0
1662826,1662902,0,0,0,2
1662381,2011721,0,0,0,1
2011721,1662372,0,1,0,1
1662372,2011721,0,0,0,0
2011721,1662381,0,0,0,0
1662902,2011721,1,7,2,6
2011721,1662902,0,0,0,0
2012357,2012359,0,0,0,0
2012359,2012357,0,0,0,0
1679484,2012366,0,0,0,0
1679486,1679484,0,0,0,0
1679484,1679486,0,0,0,0
2012366,1679484,0,0,0,0
1679484,1679488,0,0,0,0
1679488,1679484,0,0,0,0
1679488,2012370,0,0,0,0
2012370,1679488,0,0,0,0
2012370,2012373,0,0,0,0
2012373,2012370,0,0,0,0
2012370,2012374,0,0,0,0
2012374,2012370,0,0,0,0
1662463,2013046,0,0,0,0
2013046,1662463,0,0,0,0
1663320,1663215,4,5,8,10
1663215,1663320,0,0,0,0
2005040,2016713,0,0,0,0
2016713,2005039,0,0,0,0
2005039,2016713,0,0,0,0
2016713,2005040,0,0,0,0
2016715,2016714,0,0,0,0
2016714,2016715,0,0,0,0
2016713,2016721,0,0,0,0
2016721,2016714,0,0,0,0
2016714,2016721,0,0,0,0
2016721,2016713,0,0,0,0
2005040,2016721,0,0,0,0
2016721,2005040,0,0,0,0
1661966,2016722,0,0,0,0
2016722,1661966,0,0,0,0
2005014,2005127,0,0,0,0
2005127,2005014,0,0,0,0
1666044,2020314,0,0,0,0
2020314,1666044,0,0,0,0
1665455,1665289,0,0,0,0
1665289,1665455,0,0,0,0
1663212,2020337,0,0,0,0
2020337,1663212,0,0,0,0
1663605,2020338,0,0,0,0
2020338,1663605,0,0,0,0
2176384,2011622,0,0,0,0
2011622,2176384,3,3,5,3
1662463,1679706,0,0,0,0
1679706,1662463,0,0,0,0
1661598,2013287,0,0,0,0
2013287,1661598,0,0,0,0
1662023,2012357,0,0,0,0
2012357,1662023,0,0,0,0
1668195,1668053,0,0,0,0
1668053,1668195,0,0,0,0
1662857,1663355,0,0,0,0
1663355,1662857,0,0,0,0
1662750,1662755,0,0,0,0
1662755,1662750,0,0,2,1
1662420,1662477,0,1,0,0
1662477,1662420,0,0,0,0
1662259,1662394,0,0,0,0
1662394,1662259,0,0,0,0
2004247,2011363,0,0,0,0
2011363,2004247,0,0,0,0
1662751,1662813,0,2,1,1
1662813,1662751,3,2,4,2
1663366,1663343,0,0,0,0
1663343,1663366,0,0,0,2
1662067,2012357,0,0,0,0
2012357,1662067,0,0,0,0
1662303,1662282,0,0,2,1
1662282,1662303,0,1,0,3
2005124,2016722,0,0,0,0
2016722,2005124,0,0,0,0
2176343,1663583,0,0,0,0
1663583,2176343,3,3,0,3
1662569,1662704,1,2,0,1
1662704,1662569,2,1,3,2
1663919,1663829,0,0,0,0
1663829,1663919,0,0,0,0
1661547,2013292,0,0,0,0
2013292,1661547,0,0,0,0
1663921,1663719,0,0,0,0
1663719,1663921,0,0,0,0
1679452,2011377,0,0,0,0
2011377,1679452,0,0,0,0
1663345,1663212,0,1,0,0
1663212,1663345,0,0,0,0
1662887,1662841,0,5,0,1
1662841,1662887,0,0,0,0
1679737,1662276,0,0,0,0
1662276,1679737,0,0,0,0
1661620,2013289,0,0,0,0
2013289,1661620,0,0,0,0
1662003,1662217,0,0,0,0
1662217,1662003,0,1,0,1
1679458,2011363,1,0,0,0
2011363,1679458,0,0,0,0
1662942,2020744,0,0,0,0
2020744,1662942,0,0,0,0
2020745,1662804,0,0,0,0
1662804,2020745,0,0,0,0
2020746,1662751,0,0,0,0
1662751,2020746,0,0,0,0
2020747,1663837,0,0,0,0
1663837,2020747,0,0,0,0
2020748,1663903,0,0,0,0
1663903,2020748,0,0,0,0
1663863,2020752,0,0,0,0
2020752,1663863,0,0,0,0
1663866,2020753,0,0,0,0
2020753,1663866,0,0,0,0
2020755,1664147,0,0,0,0
1664147,2020755,0,0,0,0
2020754,1663741,0,0,0,0
1663741,2020754,0,0,0,0
1662264,1662286,0,0,0,0
1662286,1662264,0,0,2,0
1679421,2023810,0,0,0,0
2023810,1666509,0,0,0,0
1666509,2023810,2,0,0,1
2023810,1679421,0,1,0,0
2023810,2023811,0,0,0,0
2023811,2023810,0,0,0,0
1667880,2023835,0,0,0,0
2023835,1667830,0,0,0,0
1667830,2023835,0,0,0,0
2023835,1667880,0,0,0,0
2023836,2023838,0,0,0,0
2023838,2023836,0,0,0,0
2023839,2023840,0,0,0,0
2023840,2023839,0,0,0,0
2023853,2023852,0,0,0,0
2023852,2023853,0,0,0,0
2023852,2023858,0,0,0,0
2023858,2023852,0,0,0,0
2023863,2023864,0,0,0,0
2023864,2023863,0,0,0,0
2023863,2023865,0,0,0,0
2023865,2023863,0,0,0,0
1677464,2023866,0,0,0,0
2023866,1666506,0,0,0,0
1666506,2023866,0,0,2,1
2023866,1677464,0,1,0,0
2023865,2023866,0,0,0,0
2023866,2023865,0,0,0,0
2005033,2024315,0,0,0,0
2024315,2005030,0,0,0,0
2005030,2024315,0,0,0,0
2024315,2005033,0,0,0,0
2005033,2016713,0,0,0,0
2016713,2005033,0,0,0,0
2024346,2024347,1,1,0,3
2024347,2011622,0,0,1,3
2011622,2024347,0,0,0,0
2024347,2024346,0,0,0,0
2182350,1662349,2,1,2,3
1662349,2182350,0,0,0,0
2026273,1661559,0,0,1,0
1661559,2026273,0,0,0,0
1661744,2026273,0,0,0,0
2026273,1661744,0,0,0,0
2026275,2026276,1,0,0,0
2026276,2026275,0,0,0,0
2026286,1661847,0,0,0,0
1661847,2026286,0,0,0,0
1661744,2026288,0,0,0,0
2026288,1661744,0,0,0,0
1661847,2026291,0,0,0,0
2026291,1661847,0,0,0,0
1662357,2180752,1,1,2,3
2180752,2182350,0,1,1,1
2182350,2180752,0,0,0,0
2180752,1662357,0,0,0,0
10464,2026299,0,0,0,0
2026299,10464,0,0,0,0
1668018,2023836,0,0,0,0
2023836,1668018,0,0,0,0
1679454,2023839,0,0,0,0
2023839,1679454,0,0,0,0
2004247,2023852,0,0,0,0
2023852,2004247,0,0,1,0
1665586,2023816,0,0,0,0
2023816,1665586,0,0,0,0
2026289,2026291,0,0,0,0
2026291,2026289,0,0,0,0
1665218,2030906,0,0,0,0
2030906,1665218,0,0,0,0
2030906,2030908,0,0,0,0
2030908,2030906,0,0,0,0
1667534,2030910,0,0,0,0
2030910,1667544,0,0,0,0
1667544,2030910,0,0,1,0
2030910,1667534,0,0,0,0
2030922,2030922,0,0,0,0
1677469,2030909,0,0,0,0
2030909,1677469,0,0,0,0
2030910,2032361,0,0,0,0
2032361,2030910,0,0,0,0
1663470,2011622,0,0,0,0
2011622,1663470,0,1,0,0
1662946,2034246,0,1,0,1
2034246,2034248,1,2,1,1
2034248,2034247,1,0,2,3
2034247,1662946,1,0,0,1
1663215,2034269,5,6,5,3
2034269,1679706,0,2,0,3
1679706,2034269,0,0,0,0
2034269,1663215,0,0,0,0
2034246,2034269,0,0,0,0
2034269,2034246,0,3,2,4
2034711,2031502,0,0,0,0
2031502,2034711,0,0,0,0
1662440,2036953,0,0,0,0
2036953,1662440,0,0,0,0
1662139,2036954,0,0,0,0
2036954,1662139,0,0,0,0
2036955,1661988,0,0,0,0
1661988,2036955,0,0,0,0
2036957,2008366,0,0,0,0
2008366,2036957,0,0,0,0
2036956,1661974,0,0,0,0
1661974,2036956,0,0,0,0
1662001,2036959,0,0,0,0
2036959,1662001,0,0,0,0
1661978,2036958,0,0,0,0
2036958,1661978,0,0,0,0
2037747,1662429,0,0,0,0
1662429,2037747,0,0,0,0
2034269,2041314,0,0,1,1
2041314,2034269,0,0,0,0
1662826,2041335,0,0,0,0
2041335,1662826,0,0,1,0
2041335,2041354,0,0,0,0
2041354,2041335,0,0,0,0
2041417,2041354,0,0,0,0
2041354,2041417,0,0,0,0
2041335,2041417,0,0,0,0
2041417,2041335,0,0,0,0
2041454,2041455,0,1,0,1
2041455,2041454,0,0,0,0
2041455,2041456,0,0,0,0
2041456,2041455,0,0,0,0
2041456,2041457,0,0,0,0
2041457,2041456,0,0,0,0
2041456,2041459,0,0,0,0
2041459,2041456,0,0,0,0
1661677,2041459,0,0,0,0
2041459,1661966,0,0,0,0
1661966,2041459,0,0,0,0
2041459,1661677,0,0,0,0
2042887,1667517,0,0,0,0
1667517,2042887,1,0,0,0
1663083,2046614,0,0,0,0
2046614,1663083,0,0,0,0
1663507,1663590,0,0,1,0
1663590,1663507,0,0,0,0
10523,1661946,1,0,1,0
1661946,10523,0,0,0,0
1663106,2046634,0,0,0,0
2046634,1663106,0,0,0,0
2046654,2005025,0,0,0,0
2005025,2046654,0,0,0,0
2046715,1662945,0,0,0,0
1662945,2046715,0,0,0,0
1663531,2046794,0,0,0,0
2046794,1663531,0,0,0,0
1663587,2046795,0,0,0,1
2046795,1663587,0,0,0,0
2046814,1663964,0,0,0,0
1663964,2046814,0,0,0,0
1663815,2046815,0,0,0,0
2046815,1663815,0,0,0,0
2046877,1663860,0,0,0,0
1663860,2046877,0,0,0,0
1663860,2046876,0,0,0,0
2046876,1663860,0,0,0,0
2012366,2049154,0,0,0,0
2049154,2012366,0,0,0,0
2012373,2049155,0,0,0,0
2049155,2012373,0,0,0,0
2012373,2049156,0,0,0,0
2049156,2012373,0,0,0,0
1662412,2051615,0,0,0,0
2051615,1662406,0,0,0,0
1662406,2051615,0,0,0,0
2051615,1662412,0,0,0,0
2023839,2051634,0,0,0,0
2051634,2023839,0,0,0,0
2051615,2051874,0,0,0,0
2051874,2051615,0,0,0,0
1661949,2051875,0,0,0,0
2051875,1661949,0,0,0,0
1662019,2052314,0,0,0,0
2052314,1662138,0,0,0,0
1662138,2052314,0,0,0,0
2052314,1662019,0,0,0,0
1662132,2052315,0,0,0,0
2052315,1662075,0,0,0,0
1662075,2052315,0,0,0,0
2052315,1662132,0,0,0,0
2058074,2058075,0,0,0,0
2058075,2058074,0,0,0,0
2058075,2058076,0,0,0,1
2058076,2058075,0,0,0,0
2058076,2058074,0,0,0,0
2058074,2058076,0,0,0,0
2041417,2058074,0,0,0,0
2058074,2041417,0,0,0,0
2215941,1662280,0,0,0,0
1662280,2215941,0,0,0,0
2059734,1663464,3,3,0,3
1663464,2059734,0,0,0,0
2059734,2059735,0,0,0,0
2059735,2059734,0,0,0,0
1662491,1662513,0,0,0,0
1662513,1662491,2,0,0,0
1662561,2067159,0,0,0,0
2067159,1662561,0,0,0,0
1662698,2067160,0,0,0,0
2067160,1662698,0,0,0,0
1662477,2067158,0,0,0,0
2067158,1662477,0,0,0,0
1663973,2067156,0,0,0,0
2067156,1663973,0,0,0,0
2023853,2070457,0,0,0,0
2070457,2023853,0,0,0,0
1676929,2082175,0,0,0,0
2082175,2010162,0,0,0,0
2010162,2082175,0,0,0,0
2082175,1676929,0,0,0,0
2082175,2082176,0,0,0,0
2082176,2082175,0,0,0,0
1666587,1666593,0,0,0,0
1666593,1666587,0,0,0,0
2041354,2082274,0,0,0,0
2082274,2041354,0,0,0,0
2058076,2097714,0,0,0,0
2097714,2082274,2,0,0,0
2082274,2097714,0,0,0,0
2097714,2058076,0,0,0,0
2082274,2097715,0,0,0,0
2097715,2082274,0,0,0,0
1661668,2114954,0,0,0,0
2114954,1661668,1,0,0,1
2114954,2114975,0,0,0,0
2114975,2114954,0,0,0,0
2114975,2115036,0,0,0,0
2115036,2114975,0,0,0,0
2115036,2115078,0,1,0,0
2115078,2115036,0,0,0,0
2116934,1666385,0,0,0,0
1666385,2116934,0,0,0,0
1679419,2113316,0,0,0,0
2113316,1679419,0,0,0,0
2023865,2113314,0,0,0,0
2113314,2023865,0,0,0,0
2115078,2120494,0,0,0,0
2120494,2115078,0,0,0,0
2041455,2120514,0,0,0,0
2120514,2041455,0,0,0,0
2041455,2120534,0,0,0,0
2120534,2041455,0,0,0,0
2129751,2129941,0,0,0,0
2129941,2129751,0,0,0,0
2129741,2129941,0,0,0,0
2129941,2129741,0,0,0,0
2136381,2131922,0,0,0,0
2131922,2136381,0,0,0,0
2131984,2131986,0,0,0,0
2131986,2131984,0,0,0,0
2131986,2132001,0,0,0,0
2132001,2131986,0,0,0,0
1661878,1661882,0,0,0,0
1661882,1661878,0,0,0,0
1662290,1661878,0,0,0,0
1661878,1662290,2,0,1,7
2132724,2024139,0,0,0,0
2024139,2132724,0,0,0,0
2120534,2129741,0,0,1,0
2129741,2120534,0,0,0,0
2120534,2129751,0,0,0,0
2129751,2120534,0,0,0,0
2113316,2131984,0,0,0,0
2131984,2113316,0,0,0,0
2136381,2136382,0,0,0,0
2136382,2136381,0,0,0,0
2136382,2136383,0,0,0,0
2136383,2136382,0,0,0,0
1666938,2136381,0,0,0,0
2136381,1666938,0,0,0,0
1679415,2131984,0,0,0,0
2131984,1679415,0,0,0,0
1665653,2131986,0,0,0,0
2131986,1665653,0,0,0,0
10695,2113335,0,1,0,0
2113335,10695,0,0,0,0
2023864,2132061,0,0,0,0
2132061,2023864,0,0,0,0
1665652,1679415,0,0,0,0
1679415,1665652,0,0,0,0
1679419,1679415,0,0,0,0
1679415,1679419,1,0,0,0
1663464,2155563,0,0,0,0
2155563,1663588,0,0,0,0
1663588,2155563,0,0,0,0
2155563,1663464,0,0,0,0
2156701,2156702,0,0,0,0
2156702,2156701,0,0,0,0
2156702,2156721,0,0,0,0
2156721,2156702,0,0,0,0
2156721,2156722,0,0,0,0
2156722,2156721,0,0,0,0
2156702,2156722,0,0,0,2
2156722,2156702,0,0,0,0
2120494,2156722,0,0,0,0
2156722,2120494,0,0,0,0
2120494,2156741,0,0,0,0
2156741,2120494,0,0,0,0
2156763,2156781,0,0,0,0
2156781,2156763,0,0,0,0
2156781,2156782,0,0,0,0
2156782,2156781,0,0,0,0
1661556,2156821,0,0,0,0
2156821,2041454,0,0,0,0
2041454,2156821,0,0,0,0
2156821,1661556,0,0,0,1
2156781,2156821,0,0,0,0
2156821,2156781,0,0,0,0
2157021,2157021,0,0,0,0
2114954,2156701,0,0,0,0
2156701,2114954,0,0,0,0
2114975,2156702,0,0,0,0
2156702,2114975,0,0,0,0
2115078,2156721,0,0,0,0
2156721,2115078,0,0,0,0
2115036,2156741,0,0,0,0
2156741,2115036,0,0,0,0
2129741,2156763,0,0,0,0
2156763,2129741,0,0,0,0
2129941,2156782,0,0,0,0
2156782,2129941,0,0,0,0
2129751,2157021,0,0,0,0
2157021,2129751,0,0,0,0
1662349,2157102,0,1,0,0
2157102,1662349,0,0,0,0
1662192,1662201,0,1,0,0
1662201,1662192,0,0,0,0
1662201,1662209,0,1,0,1
1662209,1662201,0,0,0,0
1662209,1662225,2,0,0,0
1662225,1662209,0,0,0,0
1662225,1662251,2,1,0,0
1662251,1662225,0,0,0,0
1662251,1662280,1,2,0,1
1662280,1662251,0,0,0,0
1662280,1662307,2,0,2,2
1662307,1662280,0,0,0,0
1662307,1662353,0,0,0,0
1662353,1662307,0,0,0,0
1662433,1662482,0,4,1,0
1662482,1662433,0,0,0,0
10668,1663464,0,1,2,1
1663464,10668,0,0,0,0
1663464,1663569,1,0,2,1
1663569,1663464,0,0,0,0
10698,10695,1,0,0,2
10695,10698,0,0,0,0
10695,10691,0,1,1,1
10691,10695,0,0,0,0
10691,1663401,2,1,1,1
1663401,10691,0,0,0,0
1663401,1663394,0,0,2,0
1663394,1663401,0,0,0,0
1663394,1663378,1,1,2,0
1663378,1663394,0,0,0,0
1663358,2176343,0,0,1,3
2176343,1663358,0,0,0,0
1663345,1663358,1,6,4,2
1663320,2176384,1,0,2,1
2176384,1663320,0,0,0,0
2176406,1663327,4,6,2,5
2176406,1663329,0,0,0,0
1663329,2176407,0,0,0,1
2176407,1663328,0,1,1,0
2176407,15381,1,5,1,5
15381,2176544,0,0,0,0
2176544,1663087,0,0,0,1
2026253,2176582,2,2,1,4
1663328,2176582,2,1,2,5
2176608,2176609,1,0,2,3
2176609,2176642,2,1,0,2
2176642,2176544,0,1,0,0
2176544,15381,0,0,1,0
2176608,1663087,2,3,4,1
2176609,2034248,0,2,2,1
2180634,2180701,0,0,0,1
2180701,2217756,1,1,1,0
2026279,2026280,0,0,1,0
2026262,2026263,1,0,0,0
2026279,2180748,0,1,0,1
2180748,2180750,5,2,1,0
2026262,2182348,0,0,0,2
2182348,2182349,0,2,1,1
2216703,1662433,4,1,3,2
1662433,2216703,0,0,0,0
1663439,1663611,0,0,0,0
1663611,1663439,0,1,0,0
1663611,1663661,0,0,0,0
1663661,1663611,0,0,0,0
1666506,2204544,0,0,0,0
2204544,1679421,0,0,0,0
1679421,2204544,3,1,0,2
2204544,1666506,1,1,0,0
2023864,2204561,0,0,0,0
2204561,2113316,0,0,0,0
2113316,2204561,0,0,0,0
2204561,2023864,0,0,0,0
2204561,2204562,0,0,0,0
2204562,2204561,0,0,0,0
2204563,2204581,0,0,0,0
2204581,2204563,0,0,0,0
2204563,2204582,0,0,0,0
2204582,2204563,0,0,0,0
2204582,2204584,0,0,0,0
2204584,2204582,0,0,0,0
2204585,1668439,0,0,0,0
1668439,2204585,0,0,0,0
2204582,2204585,0,0,0,0
2204585,2204582,0,0,0,0
2212301,2212302,0,0,0,1
2212302,2212301,0,0,0,0
2212302,2212303,0,0,0,0
2212303,2212302,0,0,0,0
2212303,2212306,0,0,0,0
2212306,2212303,0,0,0,0
2215504,2215505,0,0,0,0
2215505,2215504,0,0,0,0
2132061,2215504,0,0,0,0
2215504,2132061,0,0,0,0
2023836,2204563,0,0,0,0
2204563,2023836,0,0,0,0
2156722,2212301,0,1,0,0
2212301,2156722,0,0,0,0
2156741,2212301,0,0,0,1
2212301,2156741,0,0,0,0
1662201,2215941,0,0,0,0
2215941,1662201,0,0,0,0
1662430,2216703,3,3,2,3
2216703,1662430,0,0,0,0
1662353,2216703,1,0,1,1
2216703,1662353,0,0,0,0
1662252,2216703,0,0,0,0
2216703,1662252,0,0,1,2
2217756,2026275,0,0,0,0
2026275,2217756,0,0,0,0
2026273,2217756,0,1,0,0
2217756,2026273,0,0,0,0
2213962,2246581,0,0,0,0
2246581,2213962,0,0,0,0
2212303,2243561,0,0,0,0
2243561,2212303,0,1,0,0
2212302,2243561,0,0,1,0
2243561,2212302,0,0,0,0
2212301,2243561,0,0,1,0
2243561,2212301,0,0,0,0
1661959,2252501,0,0,0,0
2252501,1662093,0,0,0,0
1662093,2252501,0,0,0,0
2252501,1661959,0,1,0,1
2270085,1661973,0,0,0,0
1661973,2270085,0,0,0,0
1661973,2270162,0,0,0,0
2270162,1661973,0,0,0,0
2270162,2270164,0,0,0,0
2270164,2270162,0,0,0,0
2270164,2270165,0,0,0,0
2270165,2270164,0,0,0,0
2270164,2270181,0,0,0,0
2270181,2270164,0,0,0,0
1667529,2270241,0,0,0,0
2270241,2204585,0,0,0,0
2204585,2270241,0,0,0,0
2270241,1667529,0,0,0,0
2270241,2270242,0,0,0,0
2270242,2270241,0,0,0,0
2270242,2270243,0,0,0,0
2270243,2270242,0,0,0,0
2270242,2270244,0,0,0,0
2270244,2270242,0,0,0,0
1662235,2272849,0,0,0,0
2272849,1662235,0,0,0,0
2272850,2272854,0,0,0,0
2272854,2272850,0,0,0,0
2272854,2272856,0,0,0,0
2272856,2272854,0,0,0,0
2272854,2272857,0,0,0,0
2272857,2272854,0,0,0,0
2272857,2272858,0,0,0,0
2272858,2272857,0,0,0,0
2272857,2272859,0,0,0,0
2272859,2272857,0,0,0,0
2272857,2272861,0,0,0,0
2272861,2272857,0,0,0,0
1661949,2016058,0,0,0,0
2016058,1661949,0,0,0,0
1661949,2270085,0,0,0,0
2270085,1661949,0,0,0,0
2215504,2270201,0,0,0,0
2270201,2215504,0,0,0,0
2132061,2270201,0,0,0,0
2270201,2132061,0,0,0,0
1663862,2024346,5,3,3,4
2024346,1663862,0,0,0,0
2041417,2097714,0,0,0,0
2097714,2041417,0,0,0,0
2252501,2272850,0,0,0,0
2272850,2252501,0,0,0,0
1661833,10492,2,2,2,0
10492,1661833,0,0,0,0
1662064,10503,1,0,0,2
10503,1662064,0,0,0,0
2026332,2180633,0,0,0,1
2180634,2026268,0,1,2,1
1662482,1662528,1,0,0,0
1662528,1662482,0,0,0,0
1662528,10668,1,2,3,7
10668,1662528,0,0,0,0
1663569,10698,2,0,0,4
10698,1663569,0,0,0,0
1663378,2176343,2,2,3,1
1663358,1663378,0,0,2,1
1666506,2156912,0,2,3,0
2156912,1666506,0,0,0,0
2290837,2176407,0,1,1,1
1663327,2290838,2,2,2,0
2290837,2290838,0,0,0,0
2290838,2290837,0,0,0,0
2290838,2290839,0,0,1,1
2290839,1663320,2,2,0,4
2176384,2290840,0,0,0,2
2290840,2290837,1,1,0,3
2290840,2290839,0,0,0,0
2290839,2290840,0,0,0,0
2176343,2290881,4,0,1,1
2290881,2176384,5,6,6,4
1663320,2290882,1,0,0,0
2290882,1663345,0,0,0,0
2290881,2290882,0,0,0,0
2290882,2290881,0,0,0,0
1662811,2030922,0,0,0,0
2030922,1662811,0,0,0,0
1663343,2296035,0,0,0,0
2296035,1663343,0,1,0,0
1663516,2296035,0,0,0,0
2296035,1663516,0,0,0,0
1663661,2299535,0,2,1,1
2299535,1663661,0,0,1,1
1664483,2303275,0,0,0,0
2303275,1678985,0,0,0,0
1678985,2303275,0,0,0,0
2303275,1664483,0,0,0,0
1665113,2304217,0,0,0,0
2304217,1664797,0,0,0,0
1664797,2304217,0,0,0,0
2304217,1665113,0,0,0,0
1679421,2304235,0,0,0,0
2304235,1679421,0,0,0,0
2304235,2304237,0,0,0,0
2304237,2304235,0,0,0,0
2304235,2304238,0,0,0,0
2304238,2304235,0,0,0,0
2136383,2304235,0,0,0,0
2304235,2136383,0,0,0,0
2304255,2304256,0,0,0,0
2304256,2304255,0,0,0,0
2304256,2304257,0,0,0,0
2304257,2304256,0,0,0,0
2304257,2304258,0,0,0,0
2304258,2304257,0,0,0,0
2304258,2304259,0,0,0,0
2304259,2304258,0,0,0,0
2304258,2304260,0,0,0,0
2304260,2304258,0,0,0,0
2304257,2304261,0,0,0,0
2304261,2304257,0,0,0,0
2304262,1666737,0,0,0,0
1666737,2304262,0,0,0,0
2304262,2304263,0,0,0,0
2304263,2304262,0,0,0,0
1667291,2304263,0,0,0,0
2304263,1667291,0,0,0,0
1667532,2304295,0,0,0,0
2304295,1667532,0,0,0,0
1667108,2304295,0,0,0,0
2304295,1667108,0,0,0,0
1667108,2304296,0,0,0,0
2304296,1667108,0,0,0,0
2304296,2304297,0,0,0,0
2304297,2304296,0,0,0,0
2304296,2304315,0,0,0,1
2304315,1667202,0,0,0,0
1667202,2304315,0,0,0,0
2304315,2304296,0,0,0,0
2304316,2304256,0,0,0,0
2304256,2304316,0,0,0,0
2304316,2304317,0,0,0,0
2304317,2304316,0,0,0,0
1667534,2304337,0,0,0,0
2304337,1667534,0,0,0,0
2304337,2304338,0,0,0,0
2304338,2304337,0,0,0,0
2304337,2304339,0,0,0,0
2304339,2304337,0,0,0,0
2304295,2304297,0,0,0,0
2304297,2304295,0,0,0,0
1667203,2304316,0,0,0,0
2304316,1667203,0,0,0,0
2304316,2306975,0,0,0,0
2306975,2304316,0,0,0,0
2307015,2307016,0,0,0,0
2307016,2307015,0,0,0,0
2307016,2304255,0,0,0,0
2304255,2307016,0,0,0,0
2304255,2304315,0,0,0,0
2304315,2304255,0,0,0,0
2136382,2304255,0,0,0,0
2304255,2136382,0,0,0,0
1667066,2307015,0,0,0,0
2307015,1667066,0,0,0,0
2304217,2307063,0,0,0,0
2307063,2304217,0,0,0,0
2307063,2307064,0,0,0,0
2307064,2307063,0,0,0,0
1665113,1665116,0,0,0,0
1665116,1665113,0,0,0,0
1664797,2307115,0,0,0,0
2307115,1664563,0,0,0,0
1664563,2307115,0,0,0,0
2307115,1664797,0,0,0,0
1661746,1661526,0,0,0,0
1661526,1661746,0,0,0,0
2176642,2312017,0,2,3,4
2312017,1663328,2,6,6,8
15377,2312116,0,0,0,0
2312116,2182527,0,0,1,3
2182353,2312117,0,0,1,0
2312117,15378,1,1,0,0
15378,2312118,0,0,0,0
2312118,2182518,0,0,1,0
2182528,2312119,1,1,1,1
2312119,15377,0,0,1,0
2312125,2182701,0,0,0,0
2180748,2312956,0,0,0,0
2312956,2180752,0,0,0,0
2180752,2312957,0,0,0,0
2312957,2026280,1,2,0,1
2182348,2312958,0,0,0,0
2312958,2182350,0,0,0,0
2182350,2312959,0,0,0,0
2312959,2026263,0,0,1,1
2026275,2312960,0,0,0,0
2312960,2026268,0,0,0,0
2180701,2312961,0,0,0,0
2312961,2026275,0,0,0,0
2026332,2312962,0,0,0,0
2312962,2026276,0,0,0,0
2026276,2312963,0,0,0,0
2312963,2180633,0,0,0,1
2182524,2314835,0,0,0,0
2314835,2182528,0,0,0,0
2182353,2314836,2,3,1,5
2314836,2182518,0,0,0,0
2314835,2314836,0,0,0,0
2314836,2314835,0,0,0,0
1663329,1663327,0,0,0,0
1662177,10503,1,1,0,0
10503,1662177,0,0,0,0
1663087,2026262,0,0,1,1
2026263,2180634,0,1,1,1
2180633,2026279,1,0,0,3
2026280,2026253,1,0,1,5
2026253,2176406,2,0,0,2
2176582,2182353,0,0,0,0
2182527,2176608,1,0,0,1
2182528,2182527,0,0,0,0
1667520,2332015,0,0,0,0
2332015,1667529,0,0,0,0
1667529,2332015,0,0,0,0
2332015,1667520,0,0,1,0
1664486,2332124,0,0,0,0
2332124,1664489,0,0,0,0
1664489,2332124,0,0,0,1
2332124,1664486,0,0,0,0
2332125,1665132,0,0,0,0
1665132,2332125,0,1,0,0
1666240,1666112,0,0,0,0
1666112,1666240,0,0,0,0
2030906,1665466,0,0,0,0
1665466,2030906,0,0,0,0
2023863,1677469,0,0,0,0
1677469,2023863,0,0,0,0
1662247,2270162,0,0,0,0
2270162,1662247,0,0,0,0
1662404,2059734,0,0,0,0
2059734,1662404,0,0,0,0
1662374,1662538,0,0,0,0
1662538,1662374,0,0,0,0
1662538,1662811,0,0,0,0
1662811,1662538,0,0,0,0
1661802,2008366,0,0,0,0
2008366,1661802,0,0,0,0
1661551,1661549,0,0,0,0
1661549,1661551,0,0,0,0
1679723,2016715,0,0,0,0
2016715,1679723,0,0,0,0
1663276,1663210,1,0,0,0
1663210,1663276,0,0,0,0
1661558,1661551,0,0,0,0
1661551,1661558,0,0,0,0
2016715,2005025,0,0,0,0
2005025,2016715,0,0,0,0
